email,username,password,source,year 
dguillard0@uteduexas.,lstienton0,hR3\I|aufC#Br,Canva,2016
wvallentine1@sfgate.com,pbickle1,aK4)/)D5hN=U,Linkedin,2020
cdellar2@mysql.com,bfassbindler2,lN3<H@H9}IAne(s,Canva,2004
tdunthorn3@ocn.ne.jp,obuttrick3,aW5~>#\vu0(,Adobe,2021
mlapwood4@fema.gov,tmaw4,"zG0}D""ezIYvsYSBm",Facebook,2017
akaliszewski5@youtube.com,cleinthall5,lZ7'|4eQT@/,Adobe,2021
jjollye6@desdev.cn,rcrossingham6,tL7~HjE)3,Linkedin,2015
pabeles7@patch.com,ospeedin7,hS1{}tk_!O|fpe,Adobe,2023
triddell8@wiley.com,lvonderempten8,jG1<3&Q>'&,Canva,2024
jhaughan9@cpanel.net,rrobjents9,rQ4`}4yZIe0~wKSk,Yahoo,2020
mtelletta@fotki.com,ghowsa,vP6?2O$h2dL,Facebook,2008
smaynellb@hp.com,bgresserb,kU3|4XhSt}*5po*',Facebook,2024
mchermc@google.ru,rmcclurgc,jA6}Jw#nRgkd,Yahoo,2019
sruffled@yolasite.com,vwalmsleyd,iR1.jN(0LA.,Adobe,2013
chackinge@mtv.com,scromlye,nY4%~P$.F>!6,Facebook,2008
pcharterisf@unblog.fr,tbradderf,fL4|.<Nsl,Facebook,2008
acanag@cafepress.com,ucallacherg,xK5<xJ3\%ZV,Linkedin,2021
ldahlborgh@discovery.com,ctedorenkoh,vJ2+CS>r*x,Twitter,2023
critchmani@tmall.com,njancsoi,gU0=N/pt,Twitter,2005
egumleyj@jugem.jp,gboulgerj,bM5}72=ElVtnE@uq,Yahoo,2006
cbyrthk@java.com,dhaggask,aV9\CDqZm\,Canva,2005
pdibblel@ihg.com,lcassleyl,"lF7,(({)F8w%",Yahoo,2021
acrottaghm@comcast.net,shemphillm,gV8>Fb>t,Twitter,2021
kamsdenn@wikipedia.org,eseivwrightn,"bK0(~S63#k#t&L,",Adobe,2024
awhitehursto@acquirethisname.com,ipretoro,"sI1`QMaFS=tp,h",Facebook,2022
sgoodsalp@fotki.com,ecresarp,jS0)V(M_,Canva,2012
lcoombesq@mapquest.com,sinnettq,oW1`FJ~blP?N3@Z,Yahoo,2008
jquaifer@barnesandnoble.com,fsallissr,fK3%QY?O3#gO*Is,Twitter,2010
dbosdets@narod.ru,akittles,rK7|@xr4B1yq,Adobe,2012
wvarndellt@yelp.com,lgillicet,fD5>3J\MD7l{,Linkedin,2008
bworwoodu@cloudflare.com,ltomashovu,cC5=>v`sSH'D?~SO,Twitter,2011
ssevittv@google.co.jp,baharoniv,"kT1"">#ld\V<",Twitter,2020
kjewelw@cargocollective.com,bdespenserw,zL5'$#V(>#R&JV>,Twitter,2023
aaltimasx@paginegialle.it,cambrogiox,iI1}}hm$?,Facebook,2016
slucky@a8.net,fmathewsy,bX2@wVMC5kVi(F*%,Yahoo,2010
mveallz@aboutads.info,dannicez,wY5@IX)3g4n1,Linkedin,2017
gstain10@tamu.edu,gzieme10,yJ4`Y=|)od,Adobe,2018
hleconte11@yandex.ru,bhurdidge11,"zO4>q,`g",Adobe,2014
rferrao12@craigslist.org,ctockell12,sX5@atB_v),Twitter,2009
asimonassi13@deviantart.com,socloney13,mB0<3%Z2Ws%S,Facebook,2024
sziemens14@washington.edu,gsuston14,"nA4%_K4$uY3""|)xw",Adobe,2018
dhowgego15@wired.com,fswires15,bS2%SL1GG}fhs2Q,Yahoo,2011
mpietersen16@ovh.net,mblamey16,wC1@tt#l06Nq,Canva,2017
ctansley17@craigslist.org,mreichardt17,mI3}/|8@,Linkedin,2021
kpallent18@arstechnica.com,fbes18,oS5=c<kk,Linkedin,2023
jguiduzzi19@google.cn,gcardenosa19,"uY8_ve5GVf0>""}B",Twitter,2017
ksillitoe1a@time.com,lgarnall1a,"eT8>yX,%H6}4U",Facebook,2007
celce1b@smugmug.com,kgrenkov1b,pQ0/Yt<GN,Twitter,2015
gpharrow1c@businesswire.com,aethersey1c,xX1>By)Lm(',Canva,2014
skirvin1d@linkedin.com,schattoe1d,zF6{jvABD)qES|,Facebook,2024
jmaryan1e@istockphoto.com,rbodsworth1e,rS7!fR?*y'M8n=N/,Yahoo,2011
wbleddon1f@wikispaces.com,dellingworth1f,"qJ6?+|Un,9TSI",Adobe,2019
ecapelle1g@adobe.com,bbenoey1g,vI6.1L~j4,Twitter,2014
pgorden1h@adobe.com,stethcote1h,tA7*+SFBs}QGGn}6,Linkedin,2020
dgarlicke1i@t-online.de,cparadyce1i,mH6<y&nhM1MkZC,Linkedin,2014
erobertet1j@reuters.com,sandreou1j,jM6=278!5K)u@i4,Adobe,2023
avanzon1k@fema.gov,lkeniwell1k,dZ9*tnDr5<M,Facebook,2017
noshevlin1l@unc.edu,arennick1l,"gV2,""G_qU04",Adobe,2012
pashton1m@irs.gov,ggrishelyov1m,wH3&k{iu=>UnNE,Adobe,2005
pfuncheon1n@seesaa.net,mwinckles1n,bE8\{IP.d\9,Linkedin,2023
cburleigh1o@globo.com,rmorshead1o,iV6}h%B1NemPaY0\,Adobe,2019
abricham1p@msu.edu,tbeaver1p,iI2>=1THF,Yahoo,2014
abrownsworth1q@com.com,afaveryear1q,pM6*We34f,Twitter,2021
mcaveill1r@miitbeian.gov.cn,adanielou1r,rW4%54UUj6>,Canva,2024
ehumphris1s@exblog.jp,blindbergh1s,qR5+kYnQ%&/W<)s,Linkedin,2014
bharvie1t@fastcompany.com,cnelmes1t,dN0(KP|vVS*b,Linkedin,2010
greymers1u@artisteer.com,pstienton1u,"bG1!$,hzh\U\",Canva,2018
gjerok1v@icio.us,ekornilov1v,"lK0\n7MI/,r}Y",Linkedin,2023
tsewall1w@ezinearticles.com,ldroogan1w,pC5_V2f&ls.DY6q,Adobe,2005
ebastian1x@pinterest.com,agreening1x,aQ9{bA<?c,Twitter,2011
gjudkin1y@tumblr.com,bryles1y,"uF1,ij060r,l",Linkedin,2017
lcullinan1z@cornell.edu,ybonome1z,wC8`BdJp,Twitter,2016
sclaige20@marketwatch.com,tgegg20,pW1~=Q0iFHwfU~~,Linkedin,2013
bpervew21@a8.net,credon21,dL6*rp>z8?/,Canva,2022
mcunnane22@salon.com,cparker22,dI0~!F5bGRo5,Canva,2008
rpendrill23@live.com,dbeed23,dG3@c%Iep4,Yahoo,2006
cfahy24@blog.com,eshier24,wZ7'XLR.3m2h,Facebook,2014
hrusbridge25@fc2.com,gkitching25,zX8!%5)h{!Z,Adobe,2014
gmulligan26@comsenz.com,lcrome26,lZ5@k55Zt@i>3,Canva,2010
sreisin27@time.com,seck27,pV5}eAWNW1*I,Facebook,2004
raizik28@illinois.edu,ehollebon28,bN6!>o(N,Facebook,2020
mparrett29@instagram.com,ccolum29,wR5+o@{*o,Canva,2007
vgosswell2a@bbc.co.uk,bjuanes2a,eV3+ko@Y_,Canva,2019
epine2b@bluehost.com,pbuddell2b,uF9`m`gI<u,Twitter,2010
bkenworth2c@timesonline.co.uk,sbasilio2c,"zT7,T&BC_a=w8\y",Facebook,2004
cbittany2d@mac.com,fbonnin2d,uD8@+&\_bQ\1,Yahoo,2016
taronoff2e@google.fr,alegges2e,gK5))\sHK)UE}g,Facebook,2023
nwalkden2f@yolasite.com,lschrieves2f,wQ2\n|PG%FaL,Canva,2007
rmattevi2g@cocolog-nifty.com,miannuzzelli2g,eB4!r#fFkN`Px&k>,Adobe,2018
scurr2h@nbcnews.com,lridoutt2h,tR1!gaM),Facebook,2007
ccornilleau2i@so-net.ne.jp,wmcphelimy2i,iV8$S|Z1Iu3n,Twitter,2023
tfetteplace2j@cyberchimps.com,lmcgrath2j,sF6#$~zALF}p,Linkedin,2022
bcurran2k@angelfire.com,bschermick2k,rW6@I/`T&Gs8Po,Facebook,2014
eraynes2l@latimes.com,cwinspur2l,yA0|'won!&J2u!,Linkedin,2007
jnorthover2m@pagesperso-orange.fr,srivalant2m,"gY1!La_+""/}",Twitter,2022
egemmell2n@smh.com.au,ycerro2n,sJ1}/X_Jk=Z&,Facebook,2014
cstaveley2o@tiny.cc,amatteotti2o,"fP4,4+{gCe`bG0",Adobe,2005
sillston2p@mtv.com,cwedderburn2p,"oJ4},wRw+1H%H=~",Facebook,2018
lridder2q@ameblo.jp,gdeny2q,zB9_orxHy1,Linkedin,2012
npilch2r@house.gov,hyurkiewicz2r,uE7#OiIY96=,Adobe,2021
djellico2s@dedecms.com,dberthot2s,zB2&H)k5gB=,Linkedin,2021
brivitt2t@nps.gov,troon2t,iZ2|qiQ},Twitter,2021
ltordoff2u@adobe.com,bdunlop2u,xJ8%>fPPCh!\,Linkedin,2019
msackur2v@dailymail.co.uk,mvallance2v,lS8=dSrS~*2p$jR,Adobe,2017
pshirer2w@shutterfly.com,korrick2w,zN8$7>5k,Linkedin,2012
jclaybourn2x@nhs.uk,bbythway2x,"tW7,zq)d",Twitter,2007
ebowfin2y@craigslist.org,dsenussi2y,aI2'yCwu>1*h|,Yahoo,2014
nsidebotham2z@sina.com.cn,fedmeads2z,zV5~=wn)2y,Facebook,2021
mkarpushkin30@telegraph.co.uk,amacneilage30,gJ6!x`QG#BVtwY.,Adobe,2011
bgillebert31@dmoz.org,zpleass31,"rP8,gRky",Linkedin,2011
bmyrtle32@harvard.edu,adearlove32,rX4**.WB,Canva,2008
pkirley33@com.com,cserle33,vA7)2TRLSz&Ea.`C,Twitter,2019
hgrigolon34@gnu.org,mblandamore34,uS4'KMQc`?,Adobe,2015
cmccarrell35@nih.gov,kmcfadin35,pX2'1VqYZs6?,Facebook,2009
lkubasek36@studiopress.com,ghawtrey36,vP0)N0ha,Yahoo,2010
mjukubczak37@dyndns.org,gmeaders37,uN3`\GP1eaI{hc,Twitter,2022
abruce38@ezinearticles.com,cwarrior38,pV7~!5Ty#iuJD,Yahoo,2024
mcraigg39@nba.com,hplowright39,bT7!Y4mY,Adobe,2007
smacallan3a@nationalgeographic.com,estroud3a,gE2'SO1{,Yahoo,2010
apiris3b@shareasale.com,dworham3b,"lU5'%A~c""pV",Twitter,2005
lberkley3c@disqus.com,gmilliken3c,pP2?bdvK@UR,Linkedin,2004
mdisley3d@technorati.com,uhobben3d,eJ6#ALy('u,Canva,2005
jchilcotte3e@sourceforge.net,ksaker3e,cH7?}W)O,Canva,2012
ctregunna3f@rakuten.co.jp,sbizzey3f,yX0\S%_q|8Br6I),Linkedin,2019
rbegin3g@patch.com,chenriques3g,oU8%VAck9,Linkedin,2009
ralberts3h@spotify.com,velvins3h,nX9.x3Oyp?snd/=q,Facebook,2004
slazar3i@google.co.uk,bcruz3i,"dU6?Yb?,Oj=0d",Facebook,2022
chazeman3j@google.cn,hburgott3j,"fO0,"".|6",Linkedin,2016
tdimeo3k@ebay.co.uk,fbrugger3k,fR3@$>vYDv+J,Facebook,2016
mbiddwell3l@gmpg.org,hsipson3l,tY9%9}?~4ER=+@,Yahoo,2014
wdunniom3m@istockphoto.com,wkarczinski3m,sA8#8j_E*`uJWEJ+,Linkedin,2024
fatchly3n@dyndns.org,eleynton3n,"qS0""_6JlCD{4Oh",Yahoo,2024
glambden3o@facebook.com,rhanselmann3o,lJ8(X0hrp,Adobe,2009
mmacro3p@shareasale.com,pbrimble3p,iD7*MtnYo,Adobe,2016
ncomer3q@multiply.com,nhysom3q,rB8?\o1me%|H#\So,Twitter,2008
chalford3r@msn.com,bglascott3r,"oU1@T6c(8,~U\)P/",Yahoo,2020
dchifney3s@google.de,wsetter3s,xQ0~S!\uj,Yahoo,2011
csaxton3t@forbes.com,efibbit3t,jJ9`hFQCd)R,Linkedin,2022
asynke3u@github.com,vszreter3u,"yC7\ZalH\""Y7B",Yahoo,2007
ndavidson3v@howstuffworks.com,iduffet3v,kF9&mQy2GEo,Facebook,2022
gbrede3w@dot.gov,asendley3w,lQ8){_D2fdF,Canva,2020
mrounds3x@epa.gov,apawlaczyk3x,lQ5>5h@>cR!,Facebook,2013
nwillstrop3y@noaa.gov,kbartalini3y,wK8!ahTuh'D\3',Adobe,2021
ilenaghen3z@bravesites.com,mminette3z,fQ6!Q.Wp'eUkI,Linkedin,2011
bhousecraft40@dyndns.org,ffirbank40,gU0('2?Gx,Facebook,2004
hharmond41@youtu.be,jfeavyour41,qH8(D3(OJ,Facebook,2020
badel42@pagesperso-orange.fr,rsouza42,dV3#134}P0IS%Cs,Facebook,2011
ctwiddy43@dell.com,jstilldale43,"oB6=a(""i5"",+g.",Twitter,2018
wtown44@reverbnation.com,dprescott44,fB2+3g\xT4WGH}zI,Canva,2023
lowenson45@biglobe.ne.jp,uellerman45,lE0{~c*?,Adobe,2018
mhinsche46@cnbc.com,dvelez46,kC8%Ao)S}dl,Linkedin,2009
gsouthall47@yahoo.co.jp,dcrich47,"oD7<""$RN",Twitter,2013
bstoate48@chicagotribune.com,mnanni48,gU1)B`|FsTRb4Rd,Facebook,2014
lburdell49@businesswire.com,pcaulliere49,rZ4+bHe%{}t!#ry,Adobe,2017
sblay4a@whitehouse.gov,epol4a,sI1?J4$hKus9ti,Twitter,2022
tgolda4b@networksolutions.com,gstamp4b,"dK0%Ur>kj7W,rz",Twitter,2019
amarquess4c@reddit.com,hlegonidec4c,"cZ8&%""FKKO",Facebook,2012
tmulvy4d@networksolutions.com,mledley4d,kU7{=oH7Q7,Linkedin,2023
iculshaw4e@oracle.com,vnortham4e,sW4.I+/M,Linkedin,2006
sallnatt4f@digg.com,efurney4f,pK7=~C'*|,Canva,2016
ctruscott4g@51.la,vrudwell4g,aI1/)5)lla%,Twitter,2014
ptotman4h@census.gov,bminchinden4h,"mD9*Mz0v@8lg""F",Adobe,2022
sakehurst4i@vk.com,sriordan4i,fD1~DF\=cb++J$,Facebook,2010
fguiver4j@ihg.com,jveltman4j,uL3<Dy'YL,Linkedin,2006
bbealton4k@google.cn,ehonatsch4k,"pH1""o9,66Gw)S*",Canva,2019
amcgonagle4l@github.com,djewers4l,"oM9_2W+cJ<G""Plk6",Linkedin,2020
bdedon4m@forbes.com,ebuxton4m,"iI3,Xa+30G",Twitter,2017
cgarlinge4n@redcross.org,billes4n,sT1+jX=1x{@)|,Linkedin,2006
hfenner4o@theguardian.com,cjeffrey4o,xO8#n+Um=A2,Twitter,2016
smadelin4p@cnn.com,cpedgrift4p,"uU6,_MTMsHgK",Facebook,2006
aeffaunt4q@ca.gov,cgrishanov4q,vS4}U*VAe2|0Y,Facebook,2018
hberrigan4r@cafepress.com,npermain4r,qL7#&z)ws>E*~wr,Adobe,2022
gcraw4s@blogger.com,dsymes4s,"lP6(/,vM%",Facebook,2005
jviveash4t@goo.gl,rsterling4t,bV1=Ui.5U#eNRR,Linkedin,2020
ekytley4u@zimbio.com,bmatthieson4u,nN3+E9(8,Linkedin,2015
ssteanyng4v@uol.com.br,aokroy4v,wK2~H{Xp~sN,Canva,2016
ewesthofer4w@nhs.uk,ekarolovsky4w,dH0?lf`%,Yahoo,2017
abucktrout4x@reddit.com,mbenedit4x,qA3@Rc)bT8H,Facebook,2007
rmaccague4y@jiathis.com,bjewise4y,fJ1@Y1ptPU&,Yahoo,2023
sridoutt4z@google.ru,mpriestner4z,zM4~fGOGahTkU=A,Twitter,2009
,bbrendel50,"yI6)RF,ZlNv",Linkedin,2007
sjolley51@nytimes.com,bvasyanin51,zF6\KDeN34o%B55p,Facebook,2020
hdarrel52@oaic.gov.au,mbumpass52,zU7.wxa!Qby,Twitter,2020
nferrierio53@archive.org,ftownsley53,bO5}F|DMyq{lLFNd,Adobe,2023
tledley54@surveymonkey.com,ssplevin54,nS1/5b$Yyof('A|,Twitter,2005
rgreenough55@cbc.ca,mlidstone55,mG6%aferiVFk6u3,Adobe,2010
kkunze56@chicagotribune.com,wcorsar56,eD5+fAgCQk1OJ,Adobe,2013
rknowlton57@walmart.com,sjardein57,"lC2?y6""bR7WF5$",Canva,2005
pdellatorre58@ox.ac.uk,dgilvary58,bX2&$)'E,Twitter,2007
tdellabbate59@wordpress.com,mstaddon59,xA3%A.!)5,Linkedin,2007
caspel5a@miibeian.gov.cn,lstockman5a,fI9@Bp/C,Adobe,2004
sfennelow5b@arstechnica.com,lpicard5b,"jZ7,M{~`(}Y",Facebook,2020
fnoweak5c@homestead.com,aluquet5c,mI3{)9.qMW=?|,Facebook,2021
cwykes5d@theguardian.com,healles5d,bN0'I2+{)E0Nm6,Twitter,2009
btorald5e@photobucket.com,pputtergill5e,lN3>d!LO7,Adobe,2006
cors5f@oakley.com,sstanney5f,lE2|S>.uQ?/,Linkedin,2022
tcrumpton5g@opensource.org,omckennan5g,"dF3!J,gZF}I)m.I0",Facebook,2004
rgorke5h@jiathis.com,askillett5h,xB3{NuB&4g@Wl,Twitter,2022
apetera5i@hao123.com,htomczak5i,fP8_E}8+)U+_,Twitter,2021
ccroke5j@bizjournals.com,wtighe5j,wQ2{ed'\K)7%m%,Facebook,2023
mpietruszewicz5k@epa.gov,rmonument5k,"gI2`N~,p,W5N<DA",Adobe,2021
krestill5l@about.com,nadel5l,vB3'(f&3l,Facebook,2013
tveck5m@washington.edu,emontford5m,"gP3>n""9nxd",Linkedin,2018
abarensky5n@blogger.com,marmytage5n,"sR4=%Hx6SX{o""",Yahoo,2006
aleek5o@netscape.com,ebenedicto5o,hU2{H1Nl|r,Twitter,2006
ltanswell5p@harvard.edu,wstenet5p,"rK6\H""cbIh))",Linkedin,2016
kkharchinski5q@reverbnation.com,cahrenius5q,oB3'zJ|k_C{,Canva,2009
cfolk5r@shop-pro.jp,mcockayne5r,jD2)Fh$!lo'lBO.,Facebook,2007
jwilbud5s@ebay.co.uk,cmariette5s,nF7'Vl}I,Twitter,2015
jhamflett5t@redcross.org,dmeneur5t,xM1/~MrwlU,Linkedin,2014
dbanthorpe5u@theguardian.com,rvicker5u,"sA8)9WYRbOAW=u""S",Canva,2006
cgoodhay5v@ehow.com,rwiddall5v,jX3%B)kg2p@hy,Linkedin,2012
smacginley5w@php.net,ctregea5w,hK2)z.6r,Linkedin,2008
jdaglish5x@twitter.com,agaydon5x,"yN4,~$|b7d_XMk",Linkedin,2020
hsleicht5y@engadget.com,lscotchford5y,lX2}bD.Tc6F>Ulf/,Facebook,2019
swallsworth5z@woothemes.com,cludovici5z,bY0%qUh{m{>,Facebook,2013
nrigmand60@chron.com,opaye60,dI0|mIPKT%Jg,Linkedin,2022
gderry61@pagesperso-orange.fr,rgladdifh61,lF7?#W2w,Yahoo,2018
sgoodwill62@alibaba.com,ayelyashev62,qB3(Ym)C0!haEkQ,Yahoo,2012
gpiken63@cargocollective.com,gzorzini63,nH8_$PlADstp+,Adobe,2013
cstoter64@netscape.com,jdmych64,vY7`+OQHs,Linkedin,2024
jcourtes65@virginia.edu,awhetson65,aK4%4??Tu,Twitter,2021
gclemow66@prlog.org,mphlippsen66,jK8#ROlT,Canva,2012
epoetz67@jugem.jp,aclementson67,lW3@qP6i$jRZXO<M,Canva,2010
mvine68@jimdo.com,jheningam68,vL7>5YQXc,Twitter,2012
jlorain69@howstuffworks.com,ywoodyatt69,eD6_ZqWSiT(,Canva,2010
sbachman6a@vimeo.com,wyanuk6a,gM5@DATH@,Facebook,2008
docrevan6b@shinystat.com,jgoseling6b,bA6{gvg*_Bh)vTv,Linkedin,2006
muglow6c@samsung.com,tspring6c,hP8<r}'ywlGZ,Canva,2020
agrishanov6d@geocities.com,bswendell6d,"tH3>=w)67iC1=l""",Facebook,2016
cconvery6e@homestead.com,hcure6e,rQ6<yrq7,Canva,2007
gbautiste6f@amazonaws.com,bbruinsma6f,lZ5*$}s/et~TCZ,Adobe,2022
radamoli6g@opensource.org,rwatling6g,iN6`=A~|=oh,Twitter,2014
bcapsey6h@webs.com,erattery6h,fH8?qpy!2%W(9VR,Twitter,2007
pkinrade6i@apple.com,scallan6i,eN8%IOV/kQeGBDx',Adobe,2015
bmaccaffrey6j@state.tx.us,cheersema6j,mY0?*QIu?b`~k,Linkedin,2024
emendenhall6k@sitemeter.com,gglantz6k,"sV6?""4%`|(J?B#",Twitter,2007
jaysh6l@about.com,nmanders6l,sC0_kqb6H|UJ7NH?,Adobe,2017
jmainds6m@nationalgeographic.com,smulchrone6m,gM7|ZnN%#c!},Canva,2021
bdelboux6n@51.la,mduddan6n,vO0|d&Eplm@O~c.J,Twitter,2009
agurr6o@hatena.ne.jp,fcantera6o,iJ0\aPP=i9oz$,Adobe,2017
oghelardi6p@fastcompany.com,clankester6p,fD6**MDX3,Yahoo,2014
evalentine6q@parallels.com,slamb6q,vG1(@z#b0w\g_i{,Facebook,2020
rjoselson6r@desdev.cn,egillum6r,aO0!mf=\R,Yahoo,2018
noughtright6s@dmoz.org,ztrobey6s,"jS6(,#jT~Xv",Canva,2016
claying6t@example.com,sjerrems6t,rO1=Y0G\zxhrcbU,Adobe,2018
ajojic6u@webnode.com,gpearch6u,kU1?KDh`z'?NO0,Facebook,2014
bgerman6v@godaddy.com,hpaslow6v,"nB2/2},*)3Sj",Yahoo,2023
garistide6w@baidu.com,kguppey6w,aB8\l(V6ohsnX4Mu,Facebook,2020
fparsall6x@livejournal.com,lshuttell6x,oB9!_T'?qI(,Yahoo,2024
rungerecht6y@toplist.cz,rrubenovic6y,dV7=N4}P~s,Linkedin,2005
jbrasher6z@moonfruit.com,aworvill6z,hC1.fkh*<_%aia,Facebook,2014
tmandrake70@nasa.gov,rchettle70,yQ2_ofO?p%Gid,Twitter,2013
dchatres71@yellowpages.com,bhanbidge71,zJ3}+!nlEh$1>,Twitter,2009
jgookes72@google.nl,kcockton72,"nY1{`m""hniJ{",Twitter,2015
chunnam73@pagesperso-orange.fr,ltonkin73,lS4)T\7Y(>wF+Fi<,Twitter,2006
cpeschet74@netscape.com,acancellor74,vS9<YS~{,Canva,2024
aalmack75@unicef.org,mcuer75,fM1/SyI8KaOrhX>u,Adobe,2009
cdashkovich76@unicef.org,gisaacson76,rK7+=_@`E~,Twitter,2011
gbarnwell77@engadget.com,awombwell77,jW7=?Bie~,Yahoo,2006
lforsaith78@accuweather.com,iconklin78,"tE2""=<<dA",Yahoo,2015
lrubert79@hubpages.com,psodo79,iI8%3`6+3t!,Twitter,2004
dparfrey7a@npr.org,kclench7a,wP2(_aTcl,Facebook,2023
asempill7b@loc.gov,jkellock7b,"mF2""iT*re~@O",Canva,2020
odorian7c@taobao.com,nscading7c,mD0(f68Rukpds8,Linkedin,2005
gvandenoord7d@friendfeed.com,chedylstone7d,oM9@4<m<@NO`,Canva,2013
llewry7e@reddit.com,tiskower7e,nI1#2j4)lgYK,Twitter,2009
akerwood7f@moonfruit.com,amcclelland7f,vG9?zD4pnT,Linkedin,2024
rdahle7g@biblegateway.com,lgawne7g,mP4@STP|SNPCBvDv,Facebook,2013
cyglesia7h@archive.org,ameech7h,rS8.'@0>h8,Canva,2010
lcoldridge7i@pinterest.com,shelleker7i,"xJ5,oS=9mc",Canva,2022
ndrepp7j@vk.com,mlerohan7j,lD4!6YL\3>b(v=S(,Yahoo,2008
jscartifield7k@canalblog.com,sdundendale7k,sP3`H_l2Lk+M,Adobe,2011
smenat7l@shinystat.com,djeffries7l,"hI5""fVTU",Adobe,2023
emewitt7m@oaic.gov.au,gchesshire7m,eR4`uP?$#+D_gLY),Twitter,2019
aalbertson7n@adobe.com,froderham7n,pL9?_oIm3z1KpFD,Yahoo,2021
hbotly7o@ameblo.jp,rmuxworthy7o,nX3~%'h(HQ0f,Canva,2013
jbrumble7p@xinhuanet.com,bsporgeon7p,aN3_\}9sw!+C,Canva,2006
blosano7q@hugedomains.com,mcambling7q,dR0{Of~onDk4X)m,Canva,2013
bahmad7r@google.nl,xgoulter7r,nR5*W{n4(qH~9>cv,Yahoo,2008
gjean7s@berkeley.edu,cphilott7s,hC8>2G5YFVw#,Adobe,2018
hrosenkrantz7t@edublogs.org,cmcgaughey7t,yN9`\8.>t+x,Adobe,2010
sgewer7u@e-recht24.de,pdavy7u,xE1|0EP)n,Adobe,2023
pebbetts7v@ucoz.com,ygalbraeth7v,"fW5&WU>xEk%b,eq",Yahoo,2004
twoolfoot7w@dyndns.org,cphipson7w,iC6(y5mxRvH2w%t,Canva,2004
hsarney7x@angelfire.com,eornelas7x,"nW3.c\lG{l""eDf2O",Adobe,2008
kpain7y@unesco.org,sarmytage7y,"oX8_d'LD0B""ut",Canva,2018
elantry7z@msn.com,gjeal7z,"lC4""0N)kiBtz""9l",Yahoo,2004
esurguine80@google.nl,ryegorkin80,mZ6{9L'Rmc`Ft,Yahoo,2007
egilgryst81@umich.edu,bagglione81,yX5%iy>K)}.~.,Yahoo,2016
cjohnikin82@businessweek.com,akoubu82,hW8`m<uK}2Y(#,Yahoo,2013
mcoils83@drupal.org,adurbyn83,oN4.L#6#|\,Twitter,2006
kgreenshiels84@mail.ru,hslight84,cI2>|41l8=!<K,Linkedin,2012
dgontier85@bravesites.com,pfreake85,xV4_f'YA#13,Yahoo,2007
jsudlow86@google.com.br,gtaffe86,"oY1#{""CxC,mm",Canva,2020
cprettejohns87@meetup.com,cosherrin87,"lP6""<DDLi4o0",Adobe,2007
blapthorne88@netlog.com,ekendle88,dT7&D9&H,Twitter,2015
sdowdam89@cargocollective.com,hclifft89,"wU1@hHP1ob_,",Linkedin,2007
syakunchikov8a@thetimes.co.uk,adurgan8a,bD6=st'2O/@AY`,Facebook,2024
lcusted8b@hexun.com,frottery8b,"wY5""9v3z\P)2f",Yahoo,2008
jbatman8c@marriott.com,swallsam8c,wV5_02C}(J.|?0)T,Linkedin,2005
dlacelett8d@si.edu,mmorant8d,mY3_7jOi,Yahoo,2021
sdeverehunt8e@acquirethisname.com,hhirche8e,eK6}=JrUNxX,Canva,2022
ihutchison8f@cnbc.com,asowter8f,fL1|lE~RJ&F/+,Facebook,2016
rgouge8g@smh.com.au,cdanahar8g,oQ0)IWIvJ7V,Linkedin,2018
ltrotman8h@altervista.org,mwoolis8h,rV8~3_@F1,Yahoo,2006
dclaxton8i@51.la,lpietrowski8i,bI1=2(0lZ1lQi+,Facebook,2016
cbrucker8j@msu.edu,fsouthey8j,"zB9*9\34e,/Z",Adobe,2009
asancroft8k@wired.com,nlambol8k,yS3@7)Fk,Adobe,2008
hmila8l@noaa.gov,sthunderchief8l,iU1@Zp#>qcx00(,Adobe,2009
bwhistan8m@facebook.com,hparell8m,fA1{fBTSQb9#@5,Linkedin,2006
jreymers8n@reverbnation.com,chayto8n,fN8+{dH`4\7N@9,Facebook,2022
cspeight8o@msn.com,fratcliff8o,yE3?a23'+Z9D>,Linkedin,2006
ffaughey8p@eepurl.com,rmaude8p,nL8%rx$u2,Yahoo,2024
gcolledge8q@oakley.com,dmacfadzan8q,qM3?u'rzL?G3,Adobe,2010
wolehane8r@posterous.com,fchampneys8r,"lU4?St{z""r>*y",Linkedin,2015
nsmoth8s@mlb.com,rguiso8s,bF7%v&G#wn.S\,Linkedin,2014
jjowle8t@tumblr.com,mmacclure8t,bQ5@onQ/F*3\,Linkedin,2018
ajanos8u@canalblog.com,lthorneywork8u,tQ0'M.a7Q(Zk,Yahoo,2009
kcustard8v@earthlink.net,nriccio8v,vO7{}!(DqA,Canva,2023
ablackie8w@sbwire.com,tknyvett8w,rQ9~3t5~u2,Twitter,2015
mcooper8x@trellian.com,ceaddy8x,eI3!y8z%+M1&4,Twitter,2005
nciottoi8y@technorati.com,tpotes8y,lC6'L8b?,Twitter,2004
wcollacombe8z@tiny.cc,hgrassot8z,qF2@tW5r8z3x9,Facebook,2004
bbollum90@newyorker.com,apresser90,uC7{bEkpQ5dLG=m,Facebook,2022
tthurstance91@sohu.com,hbinnall91,zK9=n2+f*Ewj~9|,Linkedin,2020
rgoggan92@nba.com,eadair92,nK1%u4_|,Yahoo,2022
msawley93@vimeo.com,fvicker93,iV2@{(|{msvew5,Canva,2017
glaurisch94@ocn.ne.jp,kmunnings94,kR1\XPO>JO24Z,Facebook,2010
rgreatrakes95@reverbnation.com,tkesey95,"eO0""O}v9C+q|",Facebook,2019
oclapham96@nifty.com,cthomazin96,"jR7,#mX+_6HzU$M",Adobe,2012
gbedin97@mac.com,cseamer97,rH5{Vt`+WNS2,Canva,2024
gbickersteth98@nhs.uk,etwatt98,"kB6""eg,*GmgB",Canva,2023
kvarrow99@seesaa.net,mpaddington99,rT1&1whz,Yahoo,2018
ijebb9a@bizjournals.com,arobathon9a,wY2{koH!?i*@9,Linkedin,2010
aackenhead9b@mlb.com,vcapeling9b,"zW6&?Cm2Swq8.>,E",Facebook,2018
bofield9c@oaic.gov.au,drenner9c,hG6<mk8fJg,Adobe,2010
pmalpas9d@nationalgeographic.com,tpeddar9d,"uB2>8a""$rFiNhjs|",Facebook,2008
mcosta9e@edublogs.org,rhavelin9e,"wU5(_2g""u103c@2b",Canva,2023
bbrunetti9f@mail.ru,gshanley9f,"zC7#g.,YV|7U",Twitter,2012
lstockhill9g@marketwatch.com,gcaddell9g,xJ0(6O4GB0}_<{_,Facebook,2015
etradewell9h@europa.eu,lbennedsen9h,fZ5\L2pirLf%\8f,Twitter,2016
gpuleston9i@a8.net,aolenov9i,kC4/4lvlMlDp,Twitter,2010
brutigliano9j@topsy.com,amereweather9j,kC8!xN/nc8M,Adobe,2020
kmechan9k@mlb.com,jrodrigo9k,tX7')p+yz`wc|d,Twitter,2017
gdodgshon9l@washington.edu,abrayshay9l,hF1{)1q@M,Canva,2023
akeenan9m@mayoclinic.com,vtubridy9m,uN3)O#I1a,Adobe,2018
cyaus9n@eepurl.com,waldine9n,"tA1,p._6x",Yahoo,2012
oodonohue9o@cornell.edu,dgrigoletti9o,lJ0&zM/nV9<I+}`,Facebook,2024
hchristoffels9p@princeton.edu,mmohammad9p,nV5!zp|FxI21%m,Adobe,2021
shesbrook9q@buzzfeed.com,mmitham9q,eC5}8gCO@/{,Linkedin,2015
belsworth9r@wufoo.com,gbellwood9r,fM4=Qc@3%Zw,Linkedin,2009
scallery9s@ow.ly,kfrogley9s,qR7}T0wITb,Yahoo,2019
cbovey9t@arstechnica.com,smacphail9t,sT2\xw$\2r(#t7a,Canva,2017
ksvanini9u@theatlantic.com,dtilston9u,vA7`9y.Obk7d,Canva,2023
mcrowther9v@prlog.org,ekarel9v,gE7)X=1X?,Yahoo,2013
kbladge9w@skyrock.com,lbarstowk9w,nE8+=*Y<mIG4l5/,Twitter,2024
ecaldaro9x@webeden.co.uk,dgecke9x,lU0#x|_`am+,Adobe,2008
rflury9y@kickstarter.com,apappin9y,"nK9""3n9bolmC",Canva,2023
fvandenvelde9z@1688.com,avergo9z,mN7/Cn{jMK?8,Twitter,2013
bolivazzia0@lycos.com,cgribbinsa0,rG0~JSKgbjQ|T2,Canva,2013
bgiovanittia1@amazonaws.com,jtrembleya1,"vD7""YCK}|%1CF",Twitter,2019
srickforda2@si.edu,ahansea2,kO2}_MfrTa9*,Canva,2006
jshowena3@harvard.edu,vferraronea3,"yT1,<%PWc_Y{18",Yahoo,2005
jperaccoa4@mac.com,akivlina4,wX5>jR=A=bLB,Facebook,2007
mrupricha5@census.gov,bvelda5,nL3>0uhC),Adobe,2020
gbaumaiera6@yelp.com,lcurtaynea6,zW4`qctOV,Facebook,2017
jgeertza7@mac.com,tsimondsa7,kR0'GuQ=,Yahoo,2010
mjordansona8@addthis.com,easkawa8,lZ1'U\aX,Facebook,2018
dlooselya9@privacy.gov.au,cwoolseya9,fA0}Sz5M\,Canva,2007
zspellmanaa@addtoany.com,wblumireaa,hA4+#??D,Yahoo,2004
lstilldaleab@latimes.com,wbenaharonab,wG8(~>TU,Twitter,2020
tmusslewhiteac@usgs.gov,nmcclintonac,iH1}j<v0vUj,Linkedin,2017
zowbridgead@posterous.com,cjerzykiewiczad,iP0)r7{q,Facebook,2016
lridesdaleae@facebook.com,strowlerae,"cL7(\HifsNeU,YL9",Linkedin,2009
cbyrthaf@sohu.com,bbowleraf,lH9`}zd?,Twitter,2023
dshamaag@wunderground.com,jpietraszekag,dP6/R?#Vw,Linkedin,2012
rmckibbenah@va.gov,isiburnah,bJ4#FlOHK3,Yahoo,2013
ojonahai@businessweek.com,mgrubyai,aK4>HEWTFvu4yr8,Twitter,2011
vgullisaj@mozilla.com,baitkinaj,"nG4""uBN(S~8v",Linkedin,2005
dsedgebeerak@indiegogo.com,sesselak,fV2#)|<7I\z8YAS,Twitter,2018
mclurowal@prlog.org,agomesal,zR1#rzWN,Linkedin,2014
jnittiam@amazon.com,dexrollam,qV7|Eueu@Q,Adobe,2011
xgledhillan@nyu.edu,dmacailinean,bK1<m{~&{Jd4#Zq,Twitter,2013
dkervinao@independent.co.uk,ccanningao,eK1%Zewx_VSOAIk,Linkedin,2022
cstobartap@prlog.org,dosanneap,qF9`pb6V/ttP,Linkedin,2015
jrustedaq@uol.com.br,cwollardaq,jX7)B~Be+gu%,Yahoo,2004
lduckittar@amazon.co.uk,thaseleyar,iB3$wf*nkX@Zd\4X,Linkedin,2016
akilloughas@deviantart.com,htucknottas,oI6#t%'9R.n,Twitter,2011
thayfordat@sakura.ne.jp,tchedzoyat,lM6?zq)pJ/q96,Linkedin,2023
creedau@google.fr,zavesqueau,"yI6}@""k\&#",Linkedin,2015
doreillyav@1688.com,mrivettav,"bB3?b""J""",Facebook,2017
gbuesdenaw@facebook.com,gheggmanaw,"dC8`M,GJs*{&",Linkedin,2005
ktuddenhamax@elpais.com,hconaax,vW4*0x>|u,Facebook,2010
eeyamay@mozilla.org,kpulmanay,eS0&V7RHtS?N#<Xf,Yahoo,2014
lschaumakeraz@gmpg.org,mclaveyaz,jW3>TgP4PKfsq+`r,Yahoo,2008
gwaldrenb0@acquirethisname.com,jstainlandb0,"sP4=y,j&I=",Yahoo,2022
cclapstonb1@huffingtonpost.com,mbasillonb1,hR3.%h||X{,Linkedin,2022
mduffynb2@house.gov,cudieb2,"jH4,3Zpy!",Facebook,2016
rbellhamb3@techcrunch.com,mstuchberryb3,eM9+!<mL6A\!VC!%,Adobe,2018
ehazeltonb4@altervista.org,hjozefiakb4,"kH5?,vl+odQK6",Adobe,2008
blinnitb5@engadget.com,rferrarb5,rC5+m7XZgg`,Yahoo,2005
mayceb6@plala.or.jp,amurdyb6,hG8?&&M5z=)'B5,Facebook,2022
lwoffendenb7@merriam-webster.com,asleithb7,oC4}ab0x>,Twitter,2017
cwittierb8@home.pl,alindblomb8,"fR2""'V""J_x>&*l3",Adobe,2014
dregglerb9@miitbeian.gov.cn,dlateyb9,"tW5$d@.r,~uZ@",Canva,2018
awisbyba@mysql.com,wwitherbedba,"qW5,%C=G=2rQ",Facebook,2012
sluxbb@tumblr.com,asherbornebb,yI3|pIPR|W\8Lgh,Twitter,2019
zyashinbc@soup.io,ajonahbc,dD1(7$(E,Canva,2015
adibnahbd@infoseek.co.jp,bmcmoyerbd,cV6.SZno3Qmk,Facebook,2021
hhairebe@wired.com,araesidebe,cD2}J`0}l,Linkedin,2023
cbassilashvilibf@blogtalkradio.com,amacnockaterbf,hB9_*\nr_cr5@,Twitter,2009
pfelminghambg@mysql.com,ebeacombg,"aQ8)GIQkM|,",Linkedin,2011
pbalebh@census.gov,obenedettibh,xM9@ph_uIBDr9,Twitter,2011
mtheussbi@shutterfly.com,hglasserbi,oU8~7L62<B.&lk,Facebook,2022
rbutterfieldbj@vinaora.com,gjarradbj,xK2|h&i$xHQ,Twitter,2020
tcoverlybk@businesswire.com,istreeterbk,"vZ9(D""isTKR",Twitter,2015
cmeakesbl@bigcartel.com,fneedhambl,bH9'Yu3>#J@_iIWY,Canva,2008
lbottelstonebm@utexas.edu,aboutsbm,cH8*'9kMK8,Canva,2011
hgrizardbn@netlog.com,byouensbn,cZ3}Sh9/8,Facebook,2020
amulcahybo@infoseek.co.jp,tbamseybo,dI6~IMN#LqM)Q,Adobe,2023
zgodneybp@pagesperso-orange.fr,ahamssonbp,gC4}J6Cvz,Linkedin,2016
dhanrottbq@gravatar.com,fmcduffiebq,wA4&k1a`Yyt,Linkedin,2010
rheggisonbr@constantcontact.com,enowlanbr,wT6{0irf*B*qy,Twitter,2008
marnoldbs@ezinearticles.com,dheeranbs,aZ2&pg3H%I{dSV+!,Linkedin,2023
adobingbt@mozilla.com,jmacvaybt,eU6?dPkzjzyJ,Yahoo,2013
ggodsellbu@umn.edu,kreanbu,xY7*@FbF,Linkedin,2007
rtockellbv@kickstarter.com,dbeechbv,cT3_te&j&/t,Facebook,2006
bananbw@studiopress.com,hklauberbw,nP4%?3XVslbYLeG,Yahoo,2014
cbevansbx@behance.net,dgooderhambx,aT4!68dY52},Linkedin,2009
mpristnorby@npr.org,wmacfadyenby,yE4_Yh6/,Adobe,2004
wsimmellbz@amazon.co.jp,lstledgerbz,"rC9,(ZClh}y""2",Canva,2014
gsnashallc0@merriam-webster.com,lstarmorec0,aO6.yeg1S24l1~,Linkedin,2022
mmccalumc1@so-net.ne.jp,fseidec1,aP0?ua*F,Canva,2011
aduckc2@networkadvertising.org,ybrimmingc2,iQ8%7*V$Oni*7@gu,Twitter,2016
pemanulssonc3@fda.gov,bbrahmerc3,"hX1{""""6mK{@A'",Canva,2021
ehaughianc4@theglobeandmail.com,sbooelnc4,eU8$KugT/`,Linkedin,2022
fmacgowanc5@hao123.com,hwalec5,bV3$(Q<k!fsO,Adobe,2018
lspencersc6@google.cn,lpeckhamc6,pZ7>=IEZd`&,Linkedin,2024
npregalc7@shutterfly.com,pjanc7,"fI4,EbEjn&g",Facebook,2016
btutinc8@tiny.cc,ccocklandc8,sB6>!qen'ZmF7',Adobe,2008
msouleyc9@bing.com,elillicoc9,sL0)QeZS$.5qLquA,Twitter,2023
cdoumencca@yellowpages.com,smacmanusca,lZ0@DP/!0TE,Yahoo,2007
dperrymancb@myspace.com,lhradskycb,"fY3\`Yu3tO""/",Facebook,2016
dchrystiecc@weibo.com,hlanglandcc,dD6{%I+&844G,Linkedin,2020
cwanklincd@utexas.edu,ariegercd,dS8.$G5_f,Twitter,2009
cwoollheadce@blinklist.com,dwressellce,"kC5""*""<GM\xSV'VZ",Twitter,2014
kfawlkscf@freewebs.com,tdumsdaycf,wK7@go.amuAs',Yahoo,2021
jloidlcg@dot.gov,moveralcg,"lQ8>+zA0""nV,n",Facebook,2015
adreghornch@godaddy.com,uroderighich,"yR2/|T%,ZMyZ|",Adobe,2013
dgiacobazzici@nature.com,tyeowellci,gM3|=m+ra_>,Canva,2010
tkempcj@google.ca,nrowselcj,"aR0,l,Yp",Twitter,2008
candriveauck@oracle.com,crhymeck,zG7~Y1qA_K,Yahoo,2014
achaslescl@weibo.com,sdorritycl,"pK0""#$4=",Adobe,2018
epattisoncm@ox.ac.uk,jgallantcm,gQ1`b50D.$Zhn,Yahoo,2005
ggregolincn@webnode.com,abrumheadcn,cD3$&We\0u_R,Canva,2024
sbazogeco@twitter.com,sgopsellco,wU5}5m*(URcv,Yahoo,2017
dmauscp@altervista.org,jgrimsditchcp,"qI8){>g,i",Facebook,2022
bgredercq@diigo.com,ebarnewillecq,oY1\{fCY>4iP\,Twitter,2023
mgumbrellcr@hexun.com,ddebruyncr,xZ4|P2'qvun%8'\,Adobe,2023
tleinwebercs@gravatar.com,hjedrzejcs,kF7#kRbS`,Twitter,2008
egowngect@ycombinator.com,dbodlect,"rQ1*u,dh",Facebook,2010
bjosephsoncu@squarespace.com,jmunktoncu,dT8<')KPa6,Adobe,2022
sjorezcv@nbcnews.com,tperonecv,iI8/xW#E4bw,Facebook,2021
cdeguisecw@netlog.com,estanneringcw,"tA4"")_fz!0n9h({`",Yahoo,2008
acaddenscx@vistaprint.com,clambdeancx,hO0({)Qi=ooiN&#a,Twitter,2006
bseagarcy@netlog.com,kgristoncy,pY6_68bTH1~L7,Twitter,2015
sabbotscz@huffingtonpost.com,kpanchincz,gJ6@Uu'pW)dl,Canva,2023
wfinnerand0@youtube.com,alaurensond0,eZ4)U`&Kw4sqHQS,Adobe,2006
fdirobertod1@ucoz.ru,hbardsleyd1,lI5/q\8MCE>56,Canva,2013
tgrewcockd2@blogger.com,thalsed2,fY5/o>2z_5M!'26`,Canva,2010
mgordond3@creativecommons.org,mcopelandd3,wA3<(fAf,Adobe,2006
tfedynskid4@odnoklassniki.ru,smckayd4,iZ9}IeH5X5|eci{,Linkedin,2004
schilverd5@multiply.com,psextend5,mB2&C&vV,Linkedin,2004
gpaolaccid6@eventbrite.com,rlyokhind6,kJ2#h.S|pa.cG'A,Linkedin,2007
vbenained7@statcounter.com,mdeakind7,gY6@Z)u=%~M,Linkedin,2019
cgrettond8@t-online.de,cgarnsworthd8,xO8!?)/w~x_t,Yahoo,2008
bgodspeded9@wikimedia.org,rthezed9,zA1/<|kAL3m!{#Z!,Yahoo,2020
hjosiahda@blogs.com,amurgatroydda,uK3}zQ$q#gxfh{,Twitter,2008
fgrobdb@facebook.com,feldridgedb,qY9@r)iXqL},Twitter,2024
dwainscoatdc@xrea.com,mwickendondc,wO5+V*KW',Facebook,2012
vnozzoliidd@cisco.com,jalcorndd,aF6}=Kw.,Adobe,2013
draecroftde@posterous.com,pbraceyde,aM0_|Fi3Qe,Twitter,2023
zkinnachdf@accuweather.com,hquinndf,mF9#)pqu,Adobe,2005
ojervoisedg@netvibes.com,gbeeswingdg,"nZ6""m6%'oX",Facebook,2016
sdottridgedh@ocn.ne.jp,fmaccostigandh,rA6!m3wM(#lTw,Adobe,2009
plongthorndi@altervista.org,cyakovlevdi,fI4/Dih2x/iaX(Rf,Yahoo,2021
stroubridgedj@weebly.com,sarnottdj,gO5@3(@}uH~&x,Linkedin,2017
areihilldk@jigsy.com,hroizndk,mG5>tPk3HvM8nZ8,Facebook,2020
bdoftydl@ifeng.com,mlowndesdl,sR9@pEh#p>rpE,Yahoo,2009
cconstabledm@nba.com,jchaudrelledm,hT6@x0ir,Facebook,2024
dottleydn@thetimes.co.uk,rwoolfootdn,"kH7""xAlm,=`m69",Yahoo,2013
lseegerdo@hao123.com,llarcherdo,"fM2*yWI62p""",Yahoo,2024
nmcskeagandp@apple.com,mgosnolddp,"vR6?tm*,s_'DK",Facebook,2007
mperkisdq@intel.com,gbeccerodq,"rK6,(&9?f1l\v>G,",Canva,2023
tscolesdr@biglobe.ne.jp,klevecquedr,cL1`DggnJh0C)G1p,Twitter,2016
scissonds@plala.or.jp,hprimeds,gP6(HLLTLD?+V,Facebook,2006
tratedt@arizona.edu,dpackedt,pE3}BmHeO|?,Linkedin,2011
aguilledu@google.ca,sduguiddu,vR6`\NQ.L~,Facebook,2019
dshearmandv@edublogs.org,nmarvelldv,jU2+gta6*U/\/,Canva,2018
uwraggsdw@cafepress.com,bstreightdw,gQ4`HS/7s>6*upY,Twitter,2019
cwolledgedx@wisc.edu,nvancedx,pS0&V@!V,Facebook,2006
pcathenoddy@patch.com,mdraindy,xN7\hZu}_b,Linkedin,2006
hgoldstondz@youku.com,hmanilovedz,cQ3%TmJ!3E~?,Twitter,2012
mpunyere0@china.com.cn,mmcevoye0,mD0@5nFVb,Yahoo,2016
acattlemulle1@walmart.com,wiredelle1,"rQ0<a7y~{zA""hS",Twitter,2013
fantice2@purevolume.com,bsymondsone2,lI0~4*p`qIeV$%,Linkedin,2008
lnancarrowe3@kickstarter.com,ecolquetee3,eC2<EVT<zp}9Td6,Yahoo,2018
ascourgiee4@vkontakte.ru,fleipolde4,rO2{/}Wg=Wq!i,Linkedin,2014
gtadgelle5@va.gov,apenberthye5,uR9#$vZ8,Yahoo,2011
evysee6@flavors.me,hkingsnoade6,zS0//'$%T+!'\,Yahoo,2011
rchatrese7@networksolutions.com,mkinneallye7,"mQ2#S&,n%.2Y*X",Yahoo,2004
odummigane8@drupal.org,lsandbrooke8,uW1=44)0Z1AEtDN,Twitter,2005
mdespensere9@psu.edu,avasilieve9,cM8*z!oz1,Adobe,2016
jbampkinea@tamu.edu,slubeckea,bE3~SERb}jE/D29U,Linkedin,2007
ndurnfordeb@jimdo.com,dszymonieb,jL3&uX@a!Fz),Canva,2022
ccecilec@google.it,dokennedyec,cY7>B`Tp!=ku,Twitter,2004
mgoodeeed@noaa.gov,aotteyed,sC8|_lbBxTFRn,Facebook,2012
krangallee@ow.ly,nworgee,fF1(3N<sU)L,Canva,2021
mhearnahef@sun.com,rdominoef,"bR1*wJaIu>S,2M/(",Linkedin,2019
lmidfordeg@instagram.com,acalameg,cR7'FFkR*+{Ys,Facebook,2019
rkingswoodeeh@behance.net,gjordineeh,xY6|@!&9iL(,Linkedin,2024
mclaughtonei@mit.edu,sglawsopei,"bD6*0/Zg_d}""va8",Twitter,2014
esowoodej@hao123.com,rbrophyej,kG3*QBSb,Facebook,2007
smograek@mapquest.com,gwrackek,sN7$m&`BFpFdT,Canva,2013
amcwilliamel@youku.com,hnorthbridgeel,uR3+P2GuD$W4WK,Canva,2019
mdevaarem@bing.com,skirkeem,"uS6\""`0IWP~rW",Twitter,2018
bdallyen@skyrock.com,gswayslanden,fF8)%/jQaEp,Canva,2011
jmeesoneo@nba.com,hbouttoneo,hC1}4ni$U+,Twitter,2007
lfeakeep@over-blog.com,sfliegerep,"tR8)gD,%u!o0i",Facebook,2019
dcurdseq@economist.com,nhargateeq,hS1+!wl%TR,Facebook,2016
abloomaner@nsw.gov.au,tmanieer,cL7{AkZ+Hejq,Facebook,2004
lspuneres@opensource.org,lpavesees,qF1@A8qeps.,Yahoo,2011
llethieulieret@sitemeter.com,rmohringet,rX1>&!KJR,Facebook,2004
gbremnereu@macromedia.com,cheffroneu,dM0(6<Gw,Twitter,2014
rbeardonev@vk.com,ecowgillev,uY7@YPWg>@Py%O?|,Linkedin,2024
fmenatew@myspace.com,nsatfordew,"wI4`i)m""0*dH1",Canva,2015
nflowethex@yahoo.com,lgommeryex,nF5|uZ'9{+H,Facebook,2016
ecollymoreey@thetimes.co.uk,rkirkbrightey,uC5=651=P7s81dL,Adobe,2014
pwehnerrez@latimes.com,cporkissez,qA0|(d+>2L,Adobe,2005
msousterf0@wp.com,jevensf0,"kO3`T(@j""Jo#~",Twitter,2016
bweldsf1@msu.edu,dhelliwellf1,lF8*H1!/0U6r,Adobe,2009
amundyf2@latimes.com,ghawesf2,lY4{_t=I,Twitter,2009
pivanchovf3@state.tx.us,hdomonif3,vH4#@nZc_8fPhQ,Linkedin,2019
csclaterf4@webs.com,msergentf4,zK3{z=a8$7ed*YqU,Linkedin,2020
agilliatf5@baidu.com,hmabonef5,tI1$'`xO>*_w19,Adobe,2013
dmcquinf6@wordpress.com,nbartaf6,qU1<+Dfg%,Twitter,2022
mdebeauchampf7@woothemes.com,pdeveralf7,"oS5?Ug9lmmYY,KNo",Yahoo,2005
bvondracekf8@creativecommons.org,amcareef8,fB3{9.nhJ+rN,Facebook,2016
dhayterf9@jalbum.net,jcunradof9,xY4<yMSR|bKmY),Canva,2011
nmacnallyfa@xinhuanet.com,eloveguardfa,oA0\st?|,Canva,2010
kfobidgefb@theglobeandmail.com,aturfinfb,"xI3""CXY$)Qk_~i?",Canva,2022
egamesonfc@ucoz.ru,bbonhommefc,hE7(U7(6,Facebook,2007
jorwellfd@drupal.org,awharltonfd,xH3/gN78e.aM,Twitter,2019
akliemkefe@nature.com,acrossdalefe,zO4~d#<R%DCy,Canva,2017
hbickertonff@com.com,nsaggff,hF1+nDjfwOnpXXM,Twitter,2016
scorlessfg@clickbank.net,gomarafg,pP4|FvtiR@k3)Wzc,Facebook,2007
lkosefh@unc.edu,tganderfh,xL9{8nLu)YW<B2@,Linkedin,2023
ehannafordfi@illinois.edu,lbrownfi,cE2`{KVoo$)>7eBa,Facebook,2012
ysimcoxfj@zdnet.com,hewellfj,dC7&@n'TKyiJ8,Canva,2012
mimpettfk@list-manage.com,jcurrumfk,eZ9#'>3+i,Facebook,2015
tcovingtonfl@newyorker.com,mtynewellfl,vF4_KG9x+m$UM,Linkedin,2011
oclydefm@wikia.com,lgalefm,"kX5_0=8,yC7k&9",Adobe,2023
jallwoodfn@hubpages.com,lthickensfn,pB7@hQ7LXlWa,Adobe,2021
mharlandfo@arstechnica.com,dironmongerfo,iA9(ek`mU&,Facebook,2009
aamerighifp@go.com,vlevinefp,iG4<KE40uu(ETNW,Twitter,2022
bcubinfq@ifeng.com,cshuttefq,aF4?0Rw_6ZonQg5,Twitter,2007
bgulvinfr@youtu.be,bporkerfr,yH7$MXBdF2,Adobe,2016
mlongstreetfs@tamu.edu,kmurdochfs,pW3'ea1R{m,Canva,2022
gdelafoyft@cloudflare.com,gorrillft,xH8>+'jW,Canva,2006
bridgleyfu@mapy.cz,hendersonfu,tN2'D9gMl,Facebook,2016
tlamburnfv@booking.com,lkrollmannfv,"gF0/w,YKU00QB)v",Twitter,2016
kinglesonfw@ocn.ne.jp,ddidballfw,xV7\+(#)64|0x9,Facebook,2006
gburgillfx@mediafire.com,mdawefx,tK8(BK>ng\\,Facebook,2017
njerrandfy@loc.gov,voleahyfy,lW5)~SVqaqSF`,Yahoo,2018
hstoylesfz@craigslist.org,fdonatfz,"hP1)hW(y""\6\h0E",Canva,2013
ohutableg0@sitemeter.com,nniesegeng0,tB1\B1Sp,Canva,2023
zeptong1@rambler.ru,bmckintoshg1,"jT1""89u%YVmg<",Twitter,2011
tgerryg2@examiner.com,fjedraszekg2,zQ9@poR~=D,Facebook,2012
bevamyg3@people.com.cn,hmetrickg3,oX8%jDJkR4W0`3,Canva,2008
gpaddong4@chron.com,mlorenzog4,hM3{H&>n,Adobe,2009
hdeesong5@twitter.com,cpoundfordg5,jF5~>e&wiPTmgc,Twitter,2007
tpesicg6@bravesites.com,scutbirthg6,yG0|52Q(/{=5R.,Linkedin,2008
barchleyg7@paginegialle.it,mfallensg7,nS2/eQZXbdu&U,Canva,2011
ewhieldong8@salon.com,vkindallg8,"oJ6,Y0G""m4l",Facebook,2011
zredsullg9@skyrock.com,arannigang9,yQ2/12iP$kA4=J,Yahoo,2019
bfollettga@last.fm,dvooghtga,xA1!Hfk@,Canva,2023
tsuttergb@reddit.com,hverbruggegb,"jE7.>Wy!,~",Twitter,2008
theadechgc@xing.com,rolenanegc,vS6+F`YHq#,Adobe,2009
zgionettittigd@yahoo.com,wrudsdalegd,"uS8+Jp!zpc}\,~$",Facebook,2005
tleechge@edublogs.org,ksillege,oI0\\%SP1i{@d,Yahoo,2024
cmalpassgf@tripadvisor.com,lbickfordgf,bS8_hk5Z|,Linkedin,2014
asparshettgg@opensource.org,amcclauriegg,"pT5+aEm/,v5y",Adobe,2012
atunkingh@ezinearticles.com,tlampbrechtgh,sF0?P'=v|09M/JZ>,Canva,2012
clorinczgi@rakuten.co.jp,bforsbeygi,uM3(a5x'$,Canva,2017
iwillshawgj@mac.com,jacunagj,"yV7}#bJsRy+X/B,0",Twitter,2019
bwinklessgk@imageshack.us,fkuhnelgk,rX0}M*dR`#QW`3I,Yahoo,2017
hbirdsgl@bizjournals.com,aindgegl,sZ1+WhA>q,Facebook,2006
skoppesgm@paginegialle.it,kkruschovgm,"wV5~bj#OkHt1T+,",Facebook,2011
tberzonsgn@wikia.com,fburgettgn,"aD0/'7,Q$S",Linkedin,2024
gfookesgo@harvard.edu,clysaghtgo,sH6&LO%cvt90G,Linkedin,2023
cashergp@devhub.com,oburnhardgp,kY3%h4/.'2Wm7,Adobe,2018
mdategq@dailymail.co.uk,ewoodsongq,xD7=*{C%rj}$,Yahoo,2019
fvalentinegr@senate.gov,mkarolygr,uX5{s`fwh6|8d$,Canva,2011
jdayegs@disqus.com,kgaygs,nZ4%}{s5E,Yahoo,2023
pledgleygt@themeforest.net,cchallicombegt,xW0>(ZR5}Ntj,Yahoo,2004
cthowgu@fc2.com,gdrinkelgu,"sZ8,(qi(d9",Facebook,2017
dbinyongv@facebook.com,gsoutengv,uX8$0Ndm.I*ZDW\L,Yahoo,2004
jbriiginshawgw@independent.co.uk,aperronegw,sZ1$LE`KnE?,Yahoo,2008
enorvalgx@amazon.com,thatchgx,vF2&dL6T0/,Facebook,2013
kkryszkagy@reddit.com,tbartelligy,pK0!{{WhaO,Canva,2010
cologhlengz@w3.org,alewergz,"lE6@O""BG",Linkedin,2009
mchapelhowh0@reference.com,sbirwhistleh0,uK9)+Luh,Facebook,2007
nporritth1@bigcartel.com,cbolteh1,wD2**\40oIcP2?lW,Canva,2014
mdemulletth2@dmoz.org,kcrowdh2,tM7$V.#c<t<,Canva,2022
sskittrallh3@devhub.com,ksimmellh3,yL5>0(%\MD'Sv\~<,Twitter,2024
ralldridgeh4@amazon.co.jp,gdaryh4,rA7'gRn<z`rM*yds,Yahoo,2024
rbeebleh5@nytimes.com,mlysonsh5,"wN5$F?aP4Pr|#p""B",Canva,2017
mplacideh6@jalbum.net,kalenh6,uX8'nnGhP8p~__,Canva,2008
pmermanh7@npr.org,bbusseh7,"zW1'S<Xe*d""v",Canva,2010
bleverentzh8@theguardian.com,mmawneh8,"zN9!XI""bc&9",Canva,2013
rpointerh9@examiner.com,jpettush9,eU9'|V`A$I,Adobe,2013
gperilloha@youku.com,dbougheyha,vI5{gXEZZ=,Facebook,2007
smacmeartyhb@google.com.hk,nallchinhb,iL8*UAVt#Q4Mk,Linkedin,2009
egepphc@ask.com,mmaxwellhc,rQ4_rd~>j,Facebook,2005
cruddiforthhd@diigo.com,knealehd,oL0%QG@lx@(K,Facebook,2023
igatleyhe@mashable.com,apimlockhe,jK9!VvZm1bk8J`#r,Yahoo,2011
kgoutcherhf@java.com,kpascallhf,"xO4#""|5{6ShDsjl7",Yahoo,2005
hduffynhg@elegantthemes.com,mnickollshg,"jC6@@<VNZ*Z""zlMt",Facebook,2006
gminchellahh@bloglines.com,lbarkhh,rO6.\IL$QA'30,Linkedin,2006
jboamhi@indiatimes.com,tatleyhi,"xV0&HU,\@\x""o",Adobe,2005
lphillishj@seattletimes.com,sdurbridgehj,"iP6%k,5|901!jSL",Facebook,2007
amcdirmidhk@pen.io,thasselbyhk,lM3!*<`7Y,Twitter,2018
crowlandshl@miibeian.gov.cn,rkelleyhl,wO0?}_YcYT,Canva,2017
kringshm@hhs.gov,lkurthhm,rK5*'%eUC\f%|,Facebook,2010
aciceronehn@imageshack.us,cohoganhn,mP9_1\cpO,Linkedin,2021
aafonsoho@homestead.com,lkinderho,gX3<vi=69N!o,Twitter,2011
afearnillhp@sina.com.cn,gyateshp,yR5\.GaKf,Facebook,2022
awilleyhq@washingtonpost.com,vhanburryhq,cM2#oD+9L2rr}i,Canva,2004
banfussohr@google.ca,bbathoehr,qC6(=b3j|Ej<,Adobe,2019
lhawtinhs@unesco.org,breppaporths,eX4+JP5e1Yeo@2,Facebook,2014
rbillinghamht@kickstarter.com,rspiringht,mO4~BmuB,Canva,2021
awalklatehu@photobucket.com,lelmeshu,gP4@Y3gP/$lH,Adobe,2014
cclementehv@upenn.edu,cbindonhv,"fH5=?""ALZ$",Yahoo,2017
dfullickhw@gmpg.org,rbaglanhw,qX8`lg8Rg,Canva,2020
narchiboldhx@ehow.com,gbatchleyhx,"bD5*?Sg<gB#zJ""V9",Adobe,2004
ahandkehy@ted.com,egarlandhy,hY5+CSUEa3{IFtuK,Linkedin,2013
erougehz@ameblo.jp,etraynorhz,gO8&UCEh>xdt@O,Canva,2011
opacki0@timesonline.co.uk,ddanni0,"lD2_?9)F/""X9",Linkedin,2021
mcometsoni1@domainmarket.com,dbestei1,pT7{g6Iz,Canva,2008
dchedgeyi2@ask.com,pcoltherdi2,lJ2*PlPet00xd+i,Linkedin,2006
lrheubottomi3@ycombinator.com,rgoulbornei3,aY8|!wicFP9,Linkedin,2016
mreveningi4@time.com,elewsoni4,kB9+H**n'/>lbV,Canva,2008
beadmeadesi5@marriott.com,nchamberleni5,wB3(>aWRUI,Twitter,2024
lmarconei6@reverbnation.com,jschiraki6,"mP4,5S}@",Linkedin,2024
mblackalli7@who.int,gcolefordi7,sY9~?>Z5M,Canva,2005
lmillthorpei8@ox.ac.uk,dstedmani8,uI5>RvDzx_,Canva,2007
sfullowayi9@purevolume.com,ahatwelli9,bW8{XE@}7<<,Yahoo,2010
jkintonia@vimeo.com,tloodyia,dC4%$YqS3`8,Canva,2018
tdimentib@ycombinator.com,sfacciniib,fD0'GORpWB.8,Canva,2010
dgarritleyic@etsy.com,imcleanic,iU8/.G/FJK,Yahoo,2021
gberriballid@umich.edu,nantoniewiczid,jS0|F/n@\Z(hbtb,Twitter,2010
hdreesie@zdnet.com,cploseie,aQ8|)zHGlsSM}t,Facebook,2020
lildenif@jiathis.com,dtradewellif,fB9|66uvH*I_i6,Facebook,2008
ldumingosig@smh.com.au,jmandellig,eS2#)}?m,Adobe,2017
rgiacoboih@exblog.jp,jcestardih,nV9#7AW$F8Tr,Facebook,2024
brumgayii@xinhuanet.com,bespinhaii,iU0{M2u~T>JF,Adobe,2017
msomerfieldij@baidu.com,kbaileyij,kH8@I#\bAGtv,Facebook,2016
mdarwentik@netlog.com,hgranleeseik,qB7@(J>)k3e#zY,Adobe,2008
wmccathayil@marriott.com,mslatefordil,pF8`K/IavK=5b{U$,Yahoo,2021
sgentileim@biglobe.ne.jp,gweildishim,hX0/~YLGl7EOHi0,Canva,2016
lmartynkain@blogspot.com,oluttonin,jD6<<~fR/,Twitter,2004
clawsonio@paypal.com,jshearerio,lQ6+`0|N=E,Canva,2008
hspaffordip@sina.com.cn,mcrocettoip,mR0'HGkD,Facebook,2019
imithaniq@alexa.com,rniavesiq,uP2#OlkA?5p3,Canva,2011
nlangfordir@google.de,rjacsonir,oG6#EwrJ,Linkedin,2018
lblackslandis@amazon.co.uk,jbazellis,rJ5%nnt>#r~4l,Facebook,2017
vcorbenit@dedecms.com,tdrennanit,mE5~rlx)7(DyzT,Canva,2020
gjuppiu@gnu.org,obunclarkiu,oX6)oT3J)KY,Facebook,2007
sdolbeyiv@alexa.com,apoyseriv,mM8==`D($ZneTk*,Yahoo,2023
cluskiw@sogou.com,jmatselliw,rN3>iZt&W7,Yahoo,2021
abirtix@businessweek.com,mjillittix,jT5#7Ap\)v4,Linkedin,2017
acourtoisiy@vkontakte.ru,rjatczakiy,cX9?sh!?}`R8,Facebook,2019
forpwoodiz@admin.ch,hperfectiz,yL8&9luQ3g?@P,Adobe,2018
ldumbartonj0@zdnet.com,tdickerj0,jG4~fmX>)>,Twitter,2019
rpaddyj1@mtv.com,ncecerej1,qT3=K|ut\22N\3,Twitter,2014
yyeudallj2@webnode.com,smcilmoriej2,cA8<nX8jhxA,Canva,2009
cdesmondj3@ucsd.edu,trojaj3,eL0<Up9=*/,Canva,2013
kflaniganj4@tinyurl.com,koffieldj4,bI4/~XVC,Yahoo,2011
swoodagej5@comsenz.com,frimmerj5,"xL6(U4#sf}j\_n,R",Linkedin,2008
awilflingj6@cargocollective.com,mkitsj6,iJ6{e>9!S,Linkedin,2009
ncurnokkj7@spiegel.de,cgeorgescuj7,pV2'\MhI,Linkedin,2012
fgarmj8@github.io,hannesj8,rV6=nd21HuwGBo,Canva,2016
aissattj9@gizmodo.com,erablej9,mM1#rX+B,Canva,2016
dsalliereja@jigsy.com,sprangleyja,"rI7,yFO&I",Twitter,2004
rguierrejb@reddit.com,lsirkettjb,"qT4/C,&D%/|obspV",Twitter,2016
jethingtonjc@google.de,mfontjc,aP6)|'<3)1~sID<,Linkedin,2018
ugeipeljd@theguardian.com,rduchamjd,dV4'm?0{v{S~,Adobe,2008
cdulintyje@thetimes.co.uk,jmilesje,qT9`Eo/eTSH92,Facebook,2024
aharesignjf@flickr.com,jaynoldjf,"lZ7!@prM~Gzv3,Pz",Facebook,2020
cnisbithjg@topsy.com,mbourgaizejg,"dE2<""))2e@A|",Yahoo,2021
eemlochjh@go.com,lwingrovejh,"zM0""~&9S46of?F",Twitter,2006
jmckinneyji@statcounter.com,apaskinsji,iF8+>vG|,Linkedin,2020
hruthenjj@bloglovin.com,amcgillegholejj,tO4+GaE5J9r,Canva,2017
choughtjk@ucla.edu,bblampyjk,"tG4'pE&g)bZr6""",Canva,2021
dsussansjl@comsenz.com,dwilloughwayjl,nM6))qO!0,Linkedin,2019
gdeavejm@ow.ly,vlittlefieldjm,wB3<Qisswc?~,Twitter,2024
bgammettjn@goo.ne.jp,kjaquemejn,wU8~QlGdN0,Adobe,2005
dbarensjo@people.com.cn,vneilandjo,mS1+5g6mq6(,Canva,2015
bonionsjp@shinystat.com,vmartinetsjp,bE9<TO&a,Facebook,2012
cjecksjq@ovh.net,ccoatejq,eV1?3ZOpE+IOZ=iq,Adobe,2017
lcoselyjr@technorati.com,mfawcittjr,"dJ0@{\d\(Fn$""t|",Facebook,2004
kcondliffejs@vistaprint.com,gblackahjs,bT8(X2LUy,Twitter,2016
scoadjt@howstuffworks.com,dgerckejt,"cU2$wtAQZ&C/#5,u",Yahoo,2020
jjouannyju@youku.com,pbrahmju,zK3\%%pDBh=n,Adobe,2015
bchardjv@wordpress.com,plindsleyjv,qE5?Cm1QC*,Yahoo,2024
lciottoijw@w3.org,ageraldinijw,"rV3*m.K""",Twitter,2021
pmulcasterjx@springer.com,vvasilischevjx,rT0&{CUu6i0,Facebook,2018
bgrinhamjy@gmpg.org,kcummingsjy,jK2*FBpdWQk,Twitter,2022
acrampinjz@dmoz.org,ncoenraetsjz,aW1%Z|qp,Linkedin,2009
odunsirek0@arizona.edu,hsauntk0,rB2#0D?5{p=y,Facebook,2005
gkillek1@bbb.org,lravillask1,"mF8,p>U$_",Adobe,2005
jfellinik2@free.fr,cemilienk2,aK9$}yx35>UHhkC,Twitter,2007
jelderfieldk3@economist.com,bminghik3,fA0(*Cjcu4I(U/a$,Linkedin,2007
oharnimank4@businessweek.com,eglendenningk4,"tF5""*hDc*~j&",Facebook,2018
brannsk5@aol.com,mredfordk5,hV1!Yvpu,Facebook,2018
jmcilhonek6@webmd.com,ahendronk6,qV5#*xi`LBI@x,Facebook,2015
mnellek7@ow.ly,smalpassk7,"aO3""ZUGyw8",Twitter,2008
cjeannessonk8@nasa.gov,tmurtk8,oS3{>g>4SWQ4DE1N,Twitter,2009
rtrautk9@dell.com,mwraggk9,pS1`u?bwNV,Twitter,2019
pcharlsonka@amazon.de,rdomineyka,bM5`<P&&Jt<VPjz9,Linkedin,2015
lbettlesonkb@people.com.cn,hleavykb,"sX4!,bKXxK&3nUM~",Facebook,2009
iumbertkc@howstuffworks.com,cphilipsenkc,cG3#xUx#*Mm,Yahoo,2017
rmixterkd@tuttocitta.it,hbrosiokd,hH6+~5RX'sEeKh{S,Facebook,2008
craimbauldke@abc.net.au,tmegsonke,qR4{+W5qBq,Twitter,2008
plagokf@twitter.com,dcunradikf,kL9<FC'=Ju?v/7A,Facebook,2006
cwimmerskg@wufoo.com,dwhitewaykg,rN0&I@h@#%,Yahoo,2021
wgreenstreetkh@statcounter.com,sbricknerkh,pZ4%+/T{qpG9Nl.{,Yahoo,2004
swhettonki@gov.uk,knaughtonki,wL8)._HXY9Zs,Adobe,2011
uvickorskj@addtoany.com,kolekhovkj,iQ9&<1}?FH)0Ogwh,Adobe,2005
thadentonkk@noaa.gov,mpooleykk,vN4#r&\0Z9C@\,Twitter,2004
coakeshottkl@tinypic.com,fclausiuskl,wL1|~?@2l,Twitter,2021
tmcsarrykm@twitter.com,rgeanekm,gB1*'JWPs2q>5(uZ,Linkedin,2021
hfairfoullkn@angelfire.com,vjocelynkn,eA4*oaQg4!QGalK,Adobe,2022
tgirdlestoneko@tinyurl.com,emacclintonko,vZ1(~Vc>&XkO@rBA,Yahoo,2017
iaylesburykp@woothemes.com,tjouhankp,"fB4`>/,Px#D%",Linkedin,2024
fcranchkq@domainmarket.com,rdevonaldkq,vN5/m?}1,Twitter,2014
pbroomkr@purevolume.com,skoubekkr,xI8{_c#DOqSvW},Adobe,2017
gskivingtonks@joomla.org,mstookeks,cF3*/Fs|X,Yahoo,2013
brammellkt@rediff.com,bessbergerkt,eA3>GgSL8y3',Linkedin,2015
eleeburneku@edublogs.org,khestropku,uH2|IfceR,Facebook,2005
aduligalkv@theatlantic.com,rstimpsonkv,dH8`I1Li2,Linkedin,2020
nfoulserkw@boston.com,arougheykw,rJ5{}k'KpH,Yahoo,2010
rharriagnkx@narod.ru,sfitchellkx,kL8)d6NP),Facebook,2009
wbrennonky@berkeley.edu,agordongilesky,zK5?hmP*V,Adobe,2021
rclearekz@blog.com,rjaniakkz,xN0`JNP_d&zT$H,Linkedin,2024
cmuzzalll0@ibm.com,vpollastronel0,"nS6#v5""o}",Linkedin,2022
gcalviel1@jigsy.com,djeannetl1,"sR0""6=Q+*yzB",Yahoo,2004
ifoleyl2@netscape.com,vgrimditchl2,xQ2~t!O>Z,Canva,2022
ckilmurryl3@vimeo.com,pmatthessenl3,xG0(l1{l',Twitter,2009
hvakhrushinl4@cloudflare.com,dbarthotl4,nI1*!9lC,Twitter,2013
btopleyl5@miitbeian.gov.cn,miorillol5,rH0+@ck0u&g2gd,Yahoo,2023
tmarzellel6@hugedomains.com,twithropl6,"dS5,V~=j",Linkedin,2012
mwarlockl7@google.it,alorrymanl7,aX0({)4BU+<(,Linkedin,2010
cbatchelderl8@jiathis.com,fgriffenl8,aG2|gZ<b@2Yin3,Facebook,2015
abrandol9@nih.gov,rsandbachl9,bS9`<'1J0u,Facebook,2022
ldallila@parallels.com,twastlingla,cY1#'3}@}P~hNd\,Yahoo,2023
ldudenielb@gmpg.org,gshaftolb,"hF8""HvbShmY+&",Yahoo,2007
chrinchenkolc@networkadvertising.org,aarltlc,"oS3=*W<""",Facebook,2015
rbutterfintld@odnoklassniki.ru,lpinneyld,sN6?ZcS_w~1{B,Adobe,2012
amaccorleyle@usnews.com,agummaryle,"vH5`g,>7",Twitter,2007
llettsonlf@vk.com,hruckertlf,kP5!/f&mM7OAyI4,Linkedin,2009
vcapstacklg@amazon.co.uk,jdabelslg,hU2/z#MN,Twitter,2012
mlappinelh@wikispaces.com,acorbishleylh,qS5{K13ix)?(,Canva,2024
dbarwoodli@barnesandnoble.com,lonolanli,xX1<&0FHGW/`m?&,Facebook,2016
jmansfieldlj@amazon.com,drichleylj,wO4!y.0X+3,Twitter,2015
wminorslk@ibm.com,hdustlk,sP7`Tn7Ce&/Iu@E,Yahoo,2014
mreaveyll@bbb.org,awalcarll,gV1/k?&@*!{=Jb,Facebook,2018
mdeppelm@wufoo.com,edevenishlm,oT8\'xo>B,Facebook,2010
dnovakovicln@usnews.com,gmccoishln,"yL3$!iW,Or",Linkedin,2006
kbrosello@sciencedirect.com,bhughilllo,"nX6,_?v(*Yuy>%",Adobe,2005
jszymanowskilp@squarespace.com,esallingerlp,iE7{mMp{dx~hvm,Twitter,2004
edinningtonlq@mail.ru,agoltlq,rK0`RPRRNN,Linkedin,2023
mpenquetlr@tinyurl.com,aadranlr,"nI2*V'+""",Facebook,2004
wpinillals@360.cn,dhockeyls,"sS8%iq7,ph%Vf",Canva,2013
kmintolt@miitbeian.gov.cn,cmaldenlt,cT5~&>LZ,Adobe,2016
draritylu@elegantthemes.com,btinnlu,tD4?0G)!qc,Facebook,2004
fberreylv@wiley.com,mfleischmannlv,dY9'C2kIXospU$4,Adobe,2020
ariddioughlw@desdev.cn,charbachlw,mD0'm@&D96V,Twitter,2008
aswindlelx@fema.gov,tmcnallylx,jA1>RA`($V33r,Twitter,2022
hhardistryly@apache.org,gcarvellly,vV2?LBTM,Yahoo,2013
ntunnochlz@vkontakte.ru,lcrewslz,aZ7>!OQ5|l/Pgz},Canva,2011
wwallagem0@gravatar.com,arycem0,"mL8*TS!?'w!P',s_",Canva,2006
gempsm1@sciencedirect.com,hbrownliem1,uF0}OPl*C,Adobe,2009
adurwardm2@51.la,egarvinm2,uP0~rq1R,Facebook,2007
emaypotherm3@dagondesign.com,asharplinm3,oA7~rkexHbe,Facebook,2005
goshaughnessym4@dmoz.org,dendm4,"aR1+wewb%{gh""#w",Yahoo,2011
taloshechkinm5@youtu.be,rcopingm5,lI4$k88WE.3z+F,Adobe,2005
dmanfordm6@angelfire.com,emissonm6,"fZ1'd`M@""Bk6",Facebook,2015
jbrideokem7@wisc.edu,ksailerm7,jC3+2L9/Wt2>h44,Linkedin,2014
pstampem8@dell.com,abettlestonem8,mU0(<}z)IPp,Facebook,2006
schristophersenm9@washington.edu,srosasm9,mZ3?s2*2|&9,Twitter,2010
rmatuszewskima@webs.com,bjoplingma,yT8'+N~MZV5@,Yahoo,2009
ohassardmb@elegantthemes.com,jfewingsmb,mQ7`HWVf%,Canva,2018
cmoatmc@samsung.com,oprestagemc,bH6%&2SzK=Q~Og,Adobe,2011
jbickardikemd@sciencedirect.com,nrawoodmd,fN1>76`2hmG(Y,Yahoo,2008
hhazeldeneme@sciencedirect.com,kspenclayme,pI7`4wRy5EzvYnE,Canva,2024
rrysdalemf@google.com.hk,ckenchingtonmf,wZ0{o}z(oH,Adobe,2015
ccastlemg@diigo.com,aosbaldstonemg,qM4+Rc|*ZE!{_Y,Linkedin,2015
scrisellmh@vkontakte.ru,dmachostiemh,qX7|v<YxEvb8i,Adobe,2009
iatcockmi@newyorker.com,aherremami,"fX5,~~A@X)biQ8g",Yahoo,2015
kblincoemj@opera.com,ahedgemj,rW8~LV%9f,Twitter,2004
sshavelmk@hatena.ne.jp,cgreensetmk,nQ2/%CZv9i9o72,Facebook,2008
achevolleauml@hugedomains.com,kwithullml,"dI7\NnD',IAm0z(",Linkedin,2005
esimunekmm@w3.org,mmcilvennamm,bN3}OWW7,Canva,2019
acarlisimn@smh.com.au,cprobbingsmn,pM6'W}0{`L_V&FI,Facebook,2004
mpendrickmo@sciencedirect.com,jthomassonmo,nK4!SpWK<FCZ.1a=,Yahoo,2017
mbolinmp@cpanel.net,tstokeymp,qY7?2Hu&Z)b)5zk2,Canva,2021
gtesseymanmq@stanford.edu,acluttenmq,"tK6!u4,vJl(",Twitter,2015
dbollesmr@wikia.com,bfulkermr,lW1!<!k=ORk7D2,Adobe,2019
rveroniquems@discuz.net,lhaberchamms,yC5`mx<Q&,Yahoo,2023
clakinmt@guardian.co.uk,aeldrittmt,"lA9'xa""=e=To.M",Canva,2005
bmandremu@weibo.com,gathersmithmu,nF7+sjk6R%~A3,Twitter,2009
mjanneymv@guardian.co.uk,efauxmv,uE5)6z+f*aB48r,Canva,2010
ltarbathmw@ft.com,bthomingamw,iD4|DzR~/P)WL,Facebook,2022
nmulhillmx@sourceforge.net,strebymx,"pU6.Q9*%*%,IT`9a",Facebook,2014
ecasinemy@wsj.com,jcorsermy,kO7!FmB69+,Facebook,2018
bhierromz@narod.ru,bpaolazzimz,"uA2|0,}St",Adobe,2017
vkrammern0@php.net,cfawthorpen0,fM8&}6XEJso,Facebook,2006
rrawlingsonn1@privacy.gov.au,ktoopn1,mU8%Zk$T,Facebook,2010
cjevonn2@slideshare.net,gcallawayn2,"gW1,m21z}Y",Canva,2016
nvanrossn3@google.com,cferrerasn3,tB2>ME{yetJ8,Adobe,2022
dtoyn4@twitpic.com,adobbsn4,pH1'FJLoy1,Linkedin,2017
cbreinleinn5@elpais.com,apetrichatn5,"wS6,Aqc&DT3,V",Yahoo,2014
pweinmannn6@edublogs.org,eollinn6,vU1$/&ca76wD%k,Linkedin,2019
eellicockn7@imgur.com,hpybworthn7,cG2>kM%>bxAmKMh,Canva,2015
ogarbuttn8@mtv.com,frehorekn8,"oY6,d?U9IKYM=",Facebook,2014
gdrewesn9@squidoo.com,eshutlern9,dK5<\6xt,Canva,2012
bfraynena@imgur.com,dmuddimerna,bG4~G{+@n,Facebook,2012
trawlsnb@ca.gov,trickfordnb,"pN1,1cmvs}aa",Yahoo,2012
gwebbennc@drupal.org,bduinbletonnc,"cN2""9+~T%+Te""zga",Adobe,2006
sspurgeonnd@twitter.com,bphillipsonnd,tR5*Egp`6EsV},Twitter,2016
fauldne@nymag.com,aolenechanne,pV0*>mtJz@o5+,Canva,2011
ihaffendennf@youku.com,clynasnf,"uS2""a>.4a4R#_#Xw",Yahoo,2015
sterramng@spiegel.de,mmccloughenng,nM8=\IjU%,Facebook,2009
bleadstonenh@yellowpages.com,dbeardwoodnh,aU6`M5.M)Xk#%/,Linkedin,2007
bgrieveni@xrea.com,tduffettni,yC7_iLpCdKUs3,Adobe,2013
econeybeernj@eepurl.com,bdobelnj,"bQ0`pm&9,q/qTP8",Canva,2007
cglayzernk@army.mil,cpaddefieldnk,aR9>our{BLBf1xIX,Linkedin,2011
dmcevoynl@creativecommons.org,jbowesnl,rP5'k/wc=r0!,Adobe,2019
nerrowenm@hatena.ne.jp,owilderspoonnm,mK5+/Ll|Pli,Linkedin,2010
lwagernn@w3.org,tplaitnn,"yN6|y&LKNI~Z,(",Canva,2004
tmoralesno@redcross.org,gpelerinno,tQ6_!\wo!E*V3'L`,Twitter,2020
kbramontnp@cbc.ca,dspraggsnp,qV2|Bpp$=C,Yahoo,2012
wfeachamnq@dedecms.com,jsterricknq,yF6*b1KFtUtV,Adobe,2022
jffordenr@blinklist.com,faiskovitchnr,eT9/n58&,Adobe,2013
rdoleyns@technorati.com,rratteryns,yI5/wD%C&9,Canva,2010
rdudhillnt@yelp.com,zjeffordnt,tD2)3A7?,Adobe,2013
driattnu@etsy.com,sclacsonnu,"hX5,l)6ebX$g~",Adobe,2008
gbeevornv@disqus.com,dfoulchernv,"aP3,cW}NRhx",Facebook,2016
bebbittnw@state.gov,asmallnw,"hU1,{gsU$D66yS<",Twitter,2013
cbakesnx@nba.com,jdomoneynx,nF2&{?ms,Canva,2012
dgoodrichny@youku.com,rrigebyny,"tR7""yTzph1",Facebook,2016
elandalnz@google.fr,bfarrernz,wA9$OzH+,Yahoo,2021
hwicko0@imageshack.us,rsearcho0,gU7_)Ln*UvP#$,Linkedin,2005
dstrobando1@nba.com,dfountiano1,"vW9+?"".S&R!",Twitter,2015
araratyo2@salon.com,eokendeno2,"kR3)/,n@1HRR)I",Yahoo,2011
isiggerso3@bandcamp.com,enewiso3,"wY4,XvYMfcj+",Adobe,2024
lcallaghano4@yahoo.com,tethelstono4,yA4\c~v1O8PIdDE8,Yahoo,2018
fstonehewero5@t.co,ptyceo5,"sX3""/a44)hu2",Twitter,2017
jcostaro6@over-blog.com,phousdeno6,dI8%GPle*@nT1,Twitter,2024
dkemetzo7@hostgator.com,gtudhopeo7,uQ4&ddq8YTZF/,Adobe,2004
bthayreo8@smugmug.com,dpowello8,mP7/g&RFM7z})ux,Canva,2011
wgerbelo9@topsy.com,aspaldingo9,jW1_AAD`%E3F,Adobe,2008
rcrockoa@mozilla.com,pcasadooa,cO5>=9A~/\,Facebook,2005
pgirardoniob@fda.gov,jjohananoffob,wU2!Jk=UUg,Yahoo,2007
hcomellooc@chronoengine.com,erawkesbyoc,aQ3+z&j8496*0u+0,Facebook,2012
asterlingod@psu.edu,ewitherbyod,bU8`J}kN'YSB,Canva,2006
hmiskellyoe@yolasite.com,ddumingosoe,"hC6`*$0!,z<k694",Canva,2013
aacedoof@home.pl,mreichardtof,oN3%T}&|qhYi@RD,Twitter,2012
jgaywoodog@canalblog.com,jarterog,mN5@$Ta1ev.Us,Canva,2018
kportugaloh@noaa.gov,jbecclesoh,xF4'Np\au,Linkedin,2004
cscourfieldoi@privacy.gov.au,orowatoi,"kN8*""6Ke{t95v",Twitter,2011
kbudgetoj@bizjournals.com,nprinnettoj,pV2_Re/2@W'p,Canva,2009
dalleburtonok@ehow.com,ccarlesiok,zZ1|P|zC2eIFK,Yahoo,2018
aascraftol@e-recht24.de,lkitchinghamol,"rJ2@\A""'sME|)+r",Yahoo,2019
dnixom@shop-pro.jp,drustmanom,jI1=Z~v.0w'1,Yahoo,2009
gbalassaon@nba.com,amorewoodon,jR9_xwRzb,Twitter,2017
twakelingoo@meetup.com,cgolightlyoo,"kT4+9/\VE,9SqkLG",Twitter,2023
dprofferop@biblegateway.com,oschoenfischop,qY5/F12@Y},Adobe,2017
edortonoq@dmoz.org,jladsonoq,rX0\aCZ<+KK$To3R,Canva,2022
ocastledineor@nps.gov,maikinor,"sU9,RADqux7,)6",Yahoo,2015
dklimentyonokos@businesswire.com,lfolshomos,hI9+1P}>MziNL,Facebook,2015
sjancaot@paypal.com,mgisbeyot,zV8(XdXmkT5_JpT,Canva,2022
jberthodou@hibu.com,lmcisaacou,oC1?$'7G\tC<o,Adobe,2010
bprenticeov@newsvine.com,sbatchelorov,tD0(BFm2TGa22xB,Adobe,2010
jlerganow@opera.com,dkramerow,wV5$qaK2,Facebook,2012
mjellettox@unblog.fr,atockox,mC1}Vs*FHetRs!,Yahoo,2006
ldewenoy@tuttocitta.it,epresshaughoy,"fM8,.iI3?K",Twitter,2012
dattrideoz@dedecms.com,cburgilloz,kS1\kmE'h>N+lA,Canva,2023
ilagrangep0@google.fr,awoodbridgep0,zN1(.skdqM`,Facebook,2008
mfauguelp1@wikimedia.org,rbarlthropp1,bQ2*+'PMbL=aOxi(,Yahoo,2012
sabdenp2@plala.or.jp,cbonnp2,iZ0!$3sM8AveMd*,Canva,2006
rtaffleyp3@xrea.com,bjoliffep3,eC2{|q7JV~|L,Twitter,2012
mlinsayp4@seesaa.net,lfollandp4,rU0$GHD>za,Facebook,2021
aquigleyp5@intel.com,flarmuthp5,dF5+_v1>x|_ztCh',Twitter,2007
crickassep6@java.com,kfenwickp6,"zF5~)U,""",Adobe,2023
dfosberryp7@netvibes.com,iripleyp7,iK2@?|\Q}~v,Linkedin,2007
pbaakep8@squidoo.com,ashearap8,lJ5/kB4@,Facebook,2010
achanterp9@etsy.com,kpuesp9,qF8@Yj@<1,Adobe,2012
abrownfieldpa@lulu.com,dbaruspa,dP5=<1+`P%,Adobe,2004
dgiraudouxpb@mozilla.org,moscroftpb,kP6+g*m@8+QamF,Yahoo,2006
bsmerdonpc@ebay.com,clakerpc,cB9(!NEg$i@a5TB,Adobe,2004
ralabastarpd@cnet.com,creysonpd,lA1{V\|2b=gzX,Adobe,2014
woselandpe@cbslocal.com,tshaulpe,pN5#&4#@>\c/h',Adobe,2018
kentrespf@istockphoto.com,edytepf,"zD5""8T}$",Adobe,2010
pgutpg@hatena.ne.jp,kwoottonpg,dN3+4lI8,Twitter,2021
avanhaeftenph@trellian.com,pkitchinhamph,bK9$i=ovRr,Linkedin,2016
mlathepi@ocn.ne.jp,ldehmpi,"nE9""}oKm0",Twitter,2011
mbussettipj@upenn.edu,pveelerpj,lP3}i2T&IJ75EM&,Linkedin,2013
ogaddpk@army.mil,kyakovitchpk,eY5=*3e5,Canva,2007
hkingescotpl@salon.com,dkneelpl,nJ9{Ao5QO,Canva,2019
lsallierpm@dailymotion.com,rmolloypm,uZ6_Eyhmo.,Twitter,2021
aolivettipn@sitemeter.com,cgilbertsonpn,wI3}pySZ7cm,Canva,2023
sdeernesspo@pagesperso-orange.fr,tfetherstonhaughpo,wT5)T!1&,Canva,2022
joshirinepp@php.net,frosbothampp,dV5@VBs~z?{WVrF,Linkedin,2004
csticklespq@wunderground.com,jbridgmanpq,"hU8{/#FXt*KLJE,",Linkedin,2012
lshillpr@a8.net,gbimsonpr,sF2?~9ahe,Yahoo,2012
psisselps@nbcnews.com,dcliffordps,nK1@yoz.4,Yahoo,2011
jsehorschpt@tamu.edu,bsegebrechtpt,oC2{7m{k\>3,Linkedin,2014
sardronpu@trellian.com,dstattonpu,xG4/Z80@,Canva,2013
hbeltpv@tamu.edu,nlombardopv,vQ9!Fgf}Ai7,Linkedin,2022
ldownepw@zdnet.com,ddesbrowpw,iL7=_s'b,Facebook,2021
ccrootepx@npr.org,esillarspx,rW0/&zU+xb<,Facebook,2019
apantinpy@examiner.com,htronipy,xU9}#yeL$|,Canva,2023
smeopz@yolasite.com,bdennisonpz,"nZ0""Ld<z7|.!r?o",Canva,2009
cprettymanq0@creativecommons.org,ewilgarq0,iJ8}5o{90@&Iq=,Facebook,2010
aboissierq1@accuweather.com,wlambrickq1,qX1&OwA(v{5LJ/z,Yahoo,2023
dgarreltsq2@ameblo.jp,jrockwillq2,"wX0?wa<wK,\`a1d5",Adobe,2013
lmccruddenq3@comsenz.com,mverissimoq3,"bP9""ctT1G\>y",Linkedin,2013
ktallantq4@webnode.com,rbrittianq4,lU0>GY@!5f,Canva,2008
wkermathq5@stumbleupon.com,amckeranq5,lA1$!hnVfmj9j~,Adobe,2017
bthorroldq6@hugedomains.com,qlandersq6,tS6#pe`&yB9<V,Canva,2011
cmessagerq7@dyndns.org,afarrentq7,aB3.xsVOW,Adobe,2010
ctwinningq8@yellowpages.com,blievesleyq8,wA7%R%'Fo@{,Facebook,2022
mstledgerq9@cnet.com,scashleyq9,"tQ1&8,oE",Adobe,2018
qshropshireqa@arizona.edu,adyballqa,kP6\f2I(I/Ab<Q,Facebook,2015
mperoneqb@discovery.com,ithompsettqb,"yD1""_M.}C#6R0",Facebook,2010
gstirrupqc@google.de,whuggensqc,yB0?<pXN9,Linkedin,2012
dsilversqd@github.io,lmatthewesqd,"rU4<2lCouK6C,.}",Twitter,2008
gstoylesqe@thetimes.co.uk,oroundingqe,cH3~+}!tNI<*E,Linkedin,2004
jbiceqf@linkedin.com,sflodeqf,"cI7""kBP.'EOJ",Facebook,2007
sclinchqg@ebay.co.uk,mhattonqg,jP6?mmp6e,Facebook,2013
brosenwasserqh@alexa.com,cbaldocciqh,"mV9/+ov6,~q~H=",Linkedin,2024
asweedyqi@fema.gov,mgeeraertqi,fP4?I!6O9`S0Bl51,Linkedin,2018
csollamqj@wufoo.com,kpreeneqj,"sZ2%G2s{!7}&ZA,",Facebook,2006
mivashinnikovqk@dropbox.com,sstillingqk,hM3!|=8D5*r1*},Linkedin,2007
mciccarelloql@pagesperso-orange.fr,etruranql,"mT7""nkN$TyGA",Adobe,2023
ndonqm@ycombinator.com,ewoosterqm,"fP6%3rCB.k,B`",Adobe,2004
jovittsqn@paypal.com,dfountianqn,nF9\0+.Pir8|&s,Canva,2013
mseeneyqo@huffingtonpost.com,dbelwardqo,hB2?MB&_1Td.,Facebook,2020
mlackqp@bloglovin.com,skindleysidesqp,nB0*0zO*XX,Canva,2009
tdinzeyqq@yellowbook.com,mfyrthqq,fL4|Xz22soNQJK,Facebook,2016
pwesternqr@geocities.jp,tmcclearyqr,bT5\htN@,Canva,2013
fcreevyqs@netlog.com,lfraczakqs,qD8/MaZjhI/Bach,Yahoo,2009
mhaslamqt@constantcontact.com,gjeffryesqt,kE6`9>gO/Hz{/7,Facebook,2010
tmaplethorpequ@nba.com,mcrockleyqu,xP8(8Ztj=o69q,Linkedin,2019
nhicklingbottomqv@senate.gov,gbeckhurstqv,"zV5\0`L4|x<NO,",Canva,2005
enodeqw@wix.com,ecellerqw,tM9&')\__nvB!n,Yahoo,2006
ksewleyqx@google.nl,cgledhallqx,yR1&}@C.8,Adobe,2020
mantramqy@sciencedaily.com,kburrusqy,cC0!v\F(0,Adobe,2023
rfiellerqz@xrea.com,rlawdhamqz,vV9@#Qhn+GMp8,Canva,2016
mbeadnellr0@fema.gov,tgunr0,jT7>2bS|f/3PZM\B,Adobe,2016
cgilsthorper1@vk.com,tvarnesr1,tB2(oIr\r4l$tE!X,Facebook,2005
cdebneyr2@blogs.com,tkampshellr2,uM3?PA#A.QB.m5V,Canva,2012
gdugallr3@360.cn,lallworthyr3,"mR1,x0wX",Twitter,2004
rdudsonr4@wired.com,cabadr4,"kO8!lk>$|_?""O,U%",Facebook,2024
mshaylerr5@liveinternet.ru,ochastelr5,tG5#|`wiq>a,Twitter,2015
ckilcoyner6@wikipedia.org,bteaper6,"xP2$a""""Jf",Adobe,2019
ttenniswoodr7@photobucket.com,cknightr7,zT0<{P8uvf5Bhf,Canva,2012
ptomesr8@usnews.com,atampionr8,"cL6,qc{v#q",Yahoo,2014
ryoullr9@amazon.com,aspriggsr9,gO6*{fl>hf`%?G=,Canva,2015
djeanequinra@apple.com,gshiptonra,nQ3*7R7u&,Twitter,2006
joxtobyrb@bandcamp.com,gsisserb,"gI0<HYBp<frcfX""",Linkedin,2013
cpawleyrc@apache.org,ascawenrc,lA3=l$z+_|55HC\,Adobe,2019
jwilcockerd@miibeian.gov.cn,akolinrd,lR6=@#<dJ,Yahoo,2024
sbarhamsre@slideshare.net,wsmerdonre,uZ5{j3KM'd+V,Yahoo,2022
amalcolmrf@nps.gov,alatteyrf,"bC8>88tY.uJ>""UE",Linkedin,2010
aalonsorg@wikispaces.com,wdurbridgerg,nN2/aN)KOvBl<2,Linkedin,2004
jhesslerh@timesonline.co.uk,gneathwayrh,"sP8``)S""uU4""jZU",Adobe,2016
gambrogiottiri@yolasite.com,abennettsri,pG7.s!=u,Yahoo,2007
tsillwoodrj@howstuffworks.com,sbuxcyrj,"uB6`|e""vrwF",Twitter,2012
jbucknellrk@shop-pro.jp,nyeomansrk,vF0{nkp*,Twitter,2012
bmcmanamonrl@skyrock.com,wkillerl,yR4/\1q}Y>zCZwy,Adobe,2014
edowgillrm@ustream.tv,tvenourrm,uC1|w}}czI,Linkedin,2019
gspaceyrn@buzzfeed.com,thouldinrn,aV9@mQ`nj,Twitter,2019
csainsburybrownro@digg.com,dolenovro,"iU4%M@""aV7",Facebook,2011
ahakingrp@economist.com,crobionrp,dF4_Nqh2x},Linkedin,2013
csporlerq@apple.com,ksuddellrq,pY1$KxyR,Linkedin,2020
mmacnameerr@cdc.gov,fpiochrr,oY6@tV!Q2lI6}CY,Canva,2013
amir.hussain3034@gmail.com,amir3034,amirkumar3034,xebia,2024
Sunny.17829@stu.upes.ac.in,sunny17829,Sunny590017829,Xebia,2024
Sunny.17829@stu.upes.ac.in,sunny17829,Sunny590017829,Xebia,2023
Sunny.17829@stu.upes.ac.in,sunny17829,Sunny590017829,Xebia,2022
